pair,person,action,gallery_filename,probe_filename,gallery_setup,probe_setup
pool_a_s007_to_s011,1,1,S007C001P001R001A001_rgb.avi,S011C002P001R002A001_rgb.avi,7,11
pool_a_s007_to_s011,1,2,S007C001P001R001A002_rgb.avi,S011C002P001R002A002_rgb.avi,7,11
pool_a_s007_to_s011,1,3,S007C001P001R001A003_rgb.avi,S011C002P001R002A003_rgb.avi,7,11
pool_a_s007_to_s011,1,4,S007C001P001R001A004_rgb.avi,S011C002P001R002A004_rgb.avi,7,11
pool_a_s007_to_s011,1,5,S007C001P001R001A005_rgb.avi,S011C002P001R002A005_rgb.avi,7,11
pool_a_s007_to_s011,1,6,S007C001P001R001A006_rgb.avi,S011C002P001R002A006_rgb.avi,7,11
pool_a_s007_to_s011,1,7,S007C001P001R001A007_rgb.avi,S011C002P001R002A007_rgb.avi,7,11
pool_a_s007_to_s011,1,8,S007C001P001R001A008_rgb.avi,S011C002P001R002A008_rgb.avi,7,11
pool_a_s007_to_s011,1,9,S007C001P001R001A009_rgb.avi,S011C002P001R002A009_rgb.avi,7,11
pool_a_s007_to_s011,1,10,S007C001P001R001A010_rgb.avi,S011C002P001R002A010_rgb.avi,7,11
pool_a_s007_to_s011,1,11,S007C001P001R001A011_rgb.avi,S011C002P001R002A011_rgb.avi,7,11
pool_a_s007_to_s011,1,12,S007C001P001R001A012_rgb.avi,S011C002P001R002A012_rgb.avi,7,11
pool_a_s007_to_s011,1,13,S007C001P001R001A013_rgb.avi,S011C002P001R002A013_rgb.avi,7,11
pool_a_s007_to_s011,1,14,S007C001P001R001A014_rgb.avi,S011C002P001R002A014_rgb.avi,7,11
pool_a_s007_to_s011,1,15,S007C001P001R001A015_rgb.avi,S011C002P001R002A015_rgb.avi,7,11
pool_a_s007_to_s011,1,16,S007C001P001R001A016_rgb.avi,S011C002P001R002A016_rgb.avi,7,11
pool_a_s007_to_s011,1,17,S007C001P001R001A017_rgb.avi,S011C002P001R002A017_rgb.avi,7,11
pool_a_s007_to_s011,1,18,S007C001P001R001A018_rgb.avi,S011C002P001R002A018_rgb.avi,7,11
pool_a_s007_to_s011,1,19,S007C001P001R001A019_rgb.avi,S011C002P001R002A019_rgb.avi,7,11
pool_a_s007_to_s011,1,20,S007C001P001R001A020_rgb.avi,S011C002P001R002A020_rgb.avi,7,11
pool_a_s007_to_s011,1,21,S007C001P001R001A021_rgb.avi,S011C002P001R002A021_rgb.avi,7,11
pool_a_s007_to_s011,1,22,S007C001P001R001A022_rgb.avi,S011C002P001R002A022_rgb.avi,7,11
pool_a_s007_to_s011,1,23,S007C001P001R001A023_rgb.avi,S011C002P001R002A023_rgb.avi,7,11
pool_a_s007_to_s011,1,24,S007C001P001R001A024_rgb.avi,S011C002P001R002A024_rgb.avi,7,11
pool_a_s007_to_s011,1,25,S007C001P001R001A025_rgb.avi,S011C002P001R002A025_rgb.avi,7,11
pool_a_s007_to_s011,1,26,S007C001P001R001A026_rgb.avi,S011C002P001R002A026_rgb.avi,7,11
pool_a_s007_to_s011,1,27,S007C001P001R001A027_rgb.avi,S011C002P001R002A027_rgb.avi,7,11
pool_a_s007_to_s011,1,28,S007C001P001R001A028_rgb.avi,S011C002P001R002A028_rgb.avi,7,11
pool_a_s007_to_s011,1,29,S007C001P001R001A029_rgb.avi,S011C002P001R002A029_rgb.avi,7,11
pool_a_s007_to_s011,1,30,S007C001P001R001A030_rgb.avi,S011C002P001R002A030_rgb.avi,7,11
pool_a_s007_to_s011,1,31,S007C001P001R001A031_rgb.avi,S011C002P001R002A031_rgb.avi,7,11
pool_a_s007_to_s011,1,32,S007C001P001R001A032_rgb.avi,S011C002P001R002A032_rgb.avi,7,11
pool_a_s007_to_s011,1,33,S007C001P001R001A033_rgb.avi,S011C002P001R002A033_rgb.avi,7,11
pool_a_s007_to_s011,1,34,S007C001P001R001A034_rgb.avi,S011C002P001R002A034_rgb.avi,7,11
pool_a_s007_to_s011,1,35,S007C001P001R001A035_rgb.avi,S011C002P001R002A035_rgb.avi,7,11
pool_a_s007_to_s011,1,36,S007C001P001R001A036_rgb.avi,S011C002P001R002A036_rgb.avi,7,11
pool_a_s007_to_s011,1,37,S007C001P001R001A037_rgb.avi,S011C002P001R002A037_rgb.avi,7,11
pool_a_s007_to_s011,1,38,S007C001P001R001A038_rgb.avi,S011C002P001R002A038_rgb.avi,7,11
pool_a_s007_to_s011,1,39,S007C001P001R001A039_rgb.avi,S011C002P001R002A039_rgb.avi,7,11
pool_a_s007_to_s011,1,40,S007C001P001R001A040_rgb.avi,S011C002P001R002A040_rgb.avi,7,11
pool_a_s007_to_s011,1,41,S007C001P001R001A041_rgb.avi,S011C002P001R002A041_rgb.avi,7,11
pool_a_s007_to_s011,1,42,S007C001P001R001A042_rgb.avi,S011C002P001R002A042_rgb.avi,7,11
pool_a_s007_to_s011,1,43,S007C001P001R001A043_rgb.avi,S011C002P001R002A043_rgb.avi,7,11
pool_a_s007_to_s011,1,44,S007C001P001R001A044_rgb.avi,S011C002P001R002A044_rgb.avi,7,11
pool_a_s007_to_s011,1,45,S007C001P001R001A045_rgb.avi,S011C002P001R002A045_rgb.avi,7,11
pool_a_s007_to_s011,1,46,S007C001P001R001A046_rgb.avi,S011C002P001R002A046_rgb.avi,7,11
pool_a_s007_to_s011,1,47,S007C001P001R001A047_rgb.avi,S011C002P001R002A047_rgb.avi,7,11
pool_a_s007_to_s011,1,48,S007C001P001R001A048_rgb.avi,S011C002P001R002A048_rgb.avi,7,11
pool_a_s007_to_s011,1,49,S007C001P001R001A049_rgb.avi,S011C002P001R002A049_rgb.avi,7,11
pool_a_s007_to_s011,1,50,S007C001P001R001A050_rgb.avi,S011C002P001R002A050_rgb.avi,7,11
pool_a_s007_to_s011,1,51,S007C001P001R001A051_rgb.avi,S011C002P001R002A051_rgb.avi,7,11
pool_a_s007_to_s011,1,52,S007C001P001R001A052_rgb.avi,S011C002P001R002A052_rgb.avi,7,11
pool_a_s007_to_s011,1,53,S007C001P001R001A053_rgb.avi,S011C002P001R002A053_rgb.avi,7,11
pool_a_s007_to_s011,1,54,S007C001P001R001A054_rgb.avi,S011C002P001R002A054_rgb.avi,7,11
pool_a_s007_to_s011,1,55,S007C001P001R001A055_rgb.avi,S011C002P001R002A055_rgb.avi,7,11
pool_a_s007_to_s011,1,56,S007C001P001R001A056_rgb.avi,S011C002P001R002A056_rgb.avi,7,11
pool_a_s007_to_s011,1,57,S007C001P001R001A057_rgb.avi,S011C002P001R002A057_rgb.avi,7,11
pool_a_s007_to_s011,1,58,S007C001P001R001A058_rgb.avi,S011C002P001R002A058_rgb.avi,7,11
pool_a_s007_to_s011,1,59,S007C001P001R001A059_rgb.avi,S011C002P001R002A059_rgb.avi,7,11
pool_a_s007_to_s011,1,60,S007C001P001R001A060_rgb.avi,S011C002P001R002A060_rgb.avi,7,11
pool_a_s007_to_s011,7,1,S007C001P007R001A001_rgb.avi,S011C002P007R002A001_rgb.avi,7,11
pool_a_s007_to_s011,7,2,S007C001P007R001A002_rgb.avi,S011C002P007R002A002_rgb.avi,7,11
pool_a_s007_to_s011,7,3,S007C001P007R001A003_rgb.avi,S011C002P007R002A003_rgb.avi,7,11
pool_a_s007_to_s011,7,4,S007C001P007R001A004_rgb.avi,S011C002P007R002A004_rgb.avi,7,11
pool_a_s007_to_s011,7,5,S007C001P007R001A005_rgb.avi,S011C002P007R002A005_rgb.avi,7,11
pool_a_s007_to_s011,7,6,S007C001P007R001A006_rgb.avi,S011C002P007R002A006_rgb.avi,7,11
pool_a_s007_to_s011,7,7,S007C001P007R001A007_rgb.avi,S011C002P007R002A007_rgb.avi,7,11
pool_a_s007_to_s011,7,8,S007C001P007R001A008_rgb.avi,S011C002P007R002A008_rgb.avi,7,11
pool_a_s007_to_s011,7,9,S007C001P007R001A009_rgb.avi,S011C002P007R002A009_rgb.avi,7,11
pool_a_s007_to_s011,7,10,S007C001P007R001A010_rgb.avi,S011C002P007R002A010_rgb.avi,7,11
pool_a_s007_to_s011,7,11,S007C001P007R001A011_rgb.avi,S011C002P007R002A011_rgb.avi,7,11
pool_a_s007_to_s011,7,12,S007C001P007R001A012_rgb.avi,S011C002P007R002A012_rgb.avi,7,11
pool_a_s007_to_s011,7,13,S007C001P007R001A013_rgb.avi,S011C002P007R002A013_rgb.avi,7,11
pool_a_s007_to_s011,7,14,S007C001P007R001A014_rgb.avi,S011C002P007R002A014_rgb.avi,7,11
pool_a_s007_to_s011,7,15,S007C001P007R001A015_rgb.avi,S011C002P007R002A015_rgb.avi,7,11
pool_a_s007_to_s011,7,16,S007C001P007R001A016_rgb.avi,S011C002P007R002A016_rgb.avi,7,11
pool_a_s007_to_s011,7,17,S007C001P007R001A017_rgb.avi,S011C002P007R002A017_rgb.avi,7,11
pool_a_s007_to_s011,7,18,S007C001P007R001A018_rgb.avi,S011C002P007R002A018_rgb.avi,7,11
pool_a_s007_to_s011,7,19,S007C001P007R001A019_rgb.avi,S011C002P007R002A019_rgb.avi,7,11
pool_a_s007_to_s011,7,20,S007C001P007R001A020_rgb.avi,S011C002P007R002A020_rgb.avi,7,11
pool_a_s007_to_s011,7,21,S007C001P007R001A021_rgb.avi,S011C002P007R002A021_rgb.avi,7,11
pool_a_s007_to_s011,7,22,S007C001P007R001A022_rgb.avi,S011C002P007R002A022_rgb.avi,7,11
pool_a_s007_to_s011,7,23,S007C001P007R001A023_rgb.avi,S011C002P007R002A023_rgb.avi,7,11
pool_a_s007_to_s011,7,24,S007C001P007R001A024_rgb.avi,S011C002P007R002A024_rgb.avi,7,11
pool_a_s007_to_s011,7,25,S007C001P007R001A025_rgb.avi,S011C002P007R002A025_rgb.avi,7,11
pool_a_s007_to_s011,7,26,S007C001P007R001A026_rgb.avi,S011C002P007R002A026_rgb.avi,7,11
pool_a_s007_to_s011,7,27,S007C001P007R001A027_rgb.avi,S011C002P007R002A027_rgb.avi,7,11
pool_a_s007_to_s011,7,28,S007C001P007R001A028_rgb.avi,S011C002P007R002A028_rgb.avi,7,11
pool_a_s007_to_s011,7,29,S007C001P007R001A029_rgb.avi,S011C002P007R002A029_rgb.avi,7,11
pool_a_s007_to_s011,7,30,S007C001P007R001A030_rgb.avi,S011C002P007R002A030_rgb.avi,7,11
pool_a_s007_to_s011,7,31,S007C001P007R001A031_rgb.avi,S011C002P007R002A031_rgb.avi,7,11
pool_a_s007_to_s011,7,32,S007C001P007R001A032_rgb.avi,S011C002P007R002A032_rgb.avi,7,11
pool_a_s007_to_s011,7,33,S007C001P007R001A033_rgb.avi,S011C002P007R002A033_rgb.avi,7,11
pool_a_s007_to_s011,7,34,S007C001P007R001A034_rgb.avi,S011C002P007R002A034_rgb.avi,7,11
pool_a_s007_to_s011,7,35,S007C001P007R001A035_rgb.avi,S011C002P007R002A035_rgb.avi,7,11
pool_a_s007_to_s011,7,36,S007C001P007R001A036_rgb.avi,S011C002P007R002A036_rgb.avi,7,11
pool_a_s007_to_s011,7,37,S007C001P007R001A037_rgb.avi,S011C002P007R002A037_rgb.avi,7,11
pool_a_s007_to_s011,7,38,S007C001P007R001A038_rgb.avi,S011C002P007R002A038_rgb.avi,7,11
pool_a_s007_to_s011,7,39,S007C001P007R001A039_rgb.avi,S011C002P007R002A039_rgb.avi,7,11
pool_a_s007_to_s011,7,40,S007C001P007R001A040_rgb.avi,S011C002P007R002A040_rgb.avi,7,11
pool_a_s007_to_s011,7,41,S007C001P007R001A041_rgb.avi,S011C002P007R002A041_rgb.avi,7,11
pool_a_s007_to_s011,7,42,S007C001P007R001A042_rgb.avi,S011C002P007R002A042_rgb.avi,7,11
pool_a_s007_to_s011,7,43,S007C001P007R001A043_rgb.avi,S011C002P007R002A043_rgb.avi,7,11
pool_a_s007_to_s011,7,44,S007C001P007R001A044_rgb.avi,S011C002P007R002A044_rgb.avi,7,11
pool_a_s007_to_s011,7,45,S007C001P007R001A045_rgb.avi,S011C002P007R002A045_rgb.avi,7,11
pool_a_s007_to_s011,7,46,S007C001P007R001A046_rgb.avi,S011C002P007R002A046_rgb.avi,7,11
pool_a_s007_to_s011,7,47,S007C001P007R001A047_rgb.avi,S011C002P007R002A047_rgb.avi,7,11
pool_a_s007_to_s011,7,48,S007C001P007R001A048_rgb.avi,S011C002P007R002A048_rgb.avi,7,11
pool_a_s007_to_s011,7,49,S007C001P007R001A049_rgb.avi,S011C002P007R002A049_rgb.avi,7,11
pool_a_s007_to_s011,7,50,S007C001P007R001A050_rgb.avi,S011C002P007R002A050_rgb.avi,7,11
pool_a_s007_to_s011,7,51,S007C001P007R001A051_rgb.avi,S011C002P007R002A051_rgb.avi,7,11
pool_a_s007_to_s011,7,52,S007C001P007R001A052_rgb.avi,S011C002P007R002A052_rgb.avi,7,11
pool_a_s007_to_s011,7,53,S007C001P007R001A053_rgb.avi,S011C002P007R002A053_rgb.avi,7,11
pool_a_s007_to_s011,7,54,S007C001P007R001A054_rgb.avi,S011C002P007R002A054_rgb.avi,7,11
pool_a_s007_to_s011,7,55,S007C001P007R001A055_rgb.avi,S011C002P007R002A055_rgb.avi,7,11
pool_a_s007_to_s011,7,56,S007C001P007R001A056_rgb.avi,S011C002P007R002A056_rgb.avi,7,11
pool_a_s007_to_s011,7,57,S007C001P007R001A057_rgb.avi,S011C002P007R002A057_rgb.avi,7,11
pool_a_s007_to_s011,7,58,S007C001P007R001A058_rgb.avi,S011C002P007R002A058_rgb.avi,7,11
pool_a_s007_to_s011,7,59,S007C001P007R001A059_rgb.avi,S011C002P007R002A059_rgb.avi,7,11
pool_a_s007_to_s011,7,60,S007C001P007R001A060_rgb.avi,S011C002P007R002A060_rgb.avi,7,11
pool_a_s007_to_s011,8,1,S007C001P008R001A001_rgb.avi,S011C002P008R002A001_rgb.avi,7,11
pool_a_s007_to_s011,8,2,S007C001P008R001A002_rgb.avi,S011C002P008R002A002_rgb.avi,7,11
pool_a_s007_to_s011,8,3,S007C001P008R001A003_rgb.avi,S011C002P008R002A003_rgb.avi,7,11
pool_a_s007_to_s011,8,4,S007C001P008R001A004_rgb.avi,S011C002P008R002A004_rgb.avi,7,11
pool_a_s007_to_s011,8,5,S007C001P008R001A005_rgb.avi,S011C002P008R002A005_rgb.avi,7,11
pool_a_s007_to_s011,8,6,S007C001P008R001A006_rgb.avi,S011C002P008R002A006_rgb.avi,7,11
pool_a_s007_to_s011,8,7,S007C001P008R001A007_rgb.avi,S011C002P008R002A007_rgb.avi,7,11
pool_a_s007_to_s011,8,8,S007C001P008R001A008_rgb.avi,S011C002P008R002A008_rgb.avi,7,11
pool_a_s007_to_s011,8,9,S007C001P008R001A009_rgb.avi,S011C002P008R002A009_rgb.avi,7,11
pool_a_s007_to_s011,8,10,S007C001P008R001A010_rgb.avi,S011C002P008R002A010_rgb.avi,7,11
pool_a_s007_to_s011,8,11,S007C001P008R001A011_rgb.avi,S011C002P008R002A011_rgb.avi,7,11
pool_a_s007_to_s011,8,12,S007C001P008R001A012_rgb.avi,S011C002P008R002A012_rgb.avi,7,11
pool_a_s007_to_s011,8,13,S007C001P008R001A013_rgb.avi,S011C002P008R002A013_rgb.avi,7,11
pool_a_s007_to_s011,8,14,S007C001P008R001A014_rgb.avi,S011C002P008R002A014_rgb.avi,7,11
pool_a_s007_to_s011,8,15,S007C001P008R001A015_rgb.avi,S011C002P008R002A015_rgb.avi,7,11
pool_a_s007_to_s011,8,16,S007C001P008R001A016_rgb.avi,S011C002P008R002A016_rgb.avi,7,11
pool_a_s007_to_s011,8,17,S007C001P008R001A017_rgb.avi,S011C002P008R002A017_rgb.avi,7,11
pool_a_s007_to_s011,8,18,S007C001P008R001A018_rgb.avi,S011C002P008R002A018_rgb.avi,7,11
pool_a_s007_to_s011,8,19,S007C001P008R001A019_rgb.avi,S011C002P008R002A019_rgb.avi,7,11
pool_a_s007_to_s011,8,20,S007C001P008R001A020_rgb.avi,S011C002P008R002A020_rgb.avi,7,11
pool_a_s007_to_s011,8,21,S007C001P008R001A021_rgb.avi,S011C002P008R002A021_rgb.avi,7,11
pool_a_s007_to_s011,8,22,S007C001P008R001A022_rgb.avi,S011C002P008R002A022_rgb.avi,7,11
pool_a_s007_to_s011,8,23,S007C001P008R001A023_rgb.avi,S011C002P008R002A023_rgb.avi,7,11
pool_a_s007_to_s011,8,24,S007C001P008R001A024_rgb.avi,S011C002P008R002A024_rgb.avi,7,11
pool_a_s007_to_s011,8,25,S007C001P008R001A025_rgb.avi,S011C002P008R002A025_rgb.avi,7,11
pool_a_s007_to_s011,8,26,S007C001P008R001A026_rgb.avi,S011C002P008R002A026_rgb.avi,7,11
pool_a_s007_to_s011,8,27,S007C001P008R001A027_rgb.avi,S011C002P008R002A027_rgb.avi,7,11
pool_a_s007_to_s011,8,28,S007C001P008R001A028_rgb.avi,S011C002P008R002A028_rgb.avi,7,11
pool_a_s007_to_s011,8,29,S007C001P008R001A029_rgb.avi,S011C002P008R002A029_rgb.avi,7,11
pool_a_s007_to_s011,8,30,S007C001P008R001A030_rgb.avi,S011C002P008R002A030_rgb.avi,7,11
pool_a_s007_to_s011,8,31,S007C001P008R001A031_rgb.avi,S011C002P008R002A031_rgb.avi,7,11
pool_a_s007_to_s011,8,32,S007C001P008R001A032_rgb.avi,S011C002P008R002A032_rgb.avi,7,11
pool_a_s007_to_s011,8,33,S007C001P008R001A033_rgb.avi,S011C002P008R002A033_rgb.avi,7,11
pool_a_s007_to_s011,8,34,S007C001P008R001A034_rgb.avi,S011C002P008R002A034_rgb.avi,7,11
pool_a_s007_to_s011,8,35,S007C001P008R001A035_rgb.avi,S011C002P008R002A035_rgb.avi,7,11
pool_a_s007_to_s011,8,36,S007C001P008R001A036_rgb.avi,S011C002P008R002A036_rgb.avi,7,11
pool_a_s007_to_s011,8,37,S007C001P008R001A037_rgb.avi,S011C002P008R002A037_rgb.avi,7,11
pool_a_s007_to_s011,8,38,S007C001P008R001A038_rgb.avi,S011C002P008R002A038_rgb.avi,7,11
pool_a_s007_to_s011,8,39,S007C001P008R001A039_rgb.avi,S011C002P008R002A039_rgb.avi,7,11
pool_a_s007_to_s011,8,40,S007C001P008R001A040_rgb.avi,S011C002P008R002A040_rgb.avi,7,11
pool_a_s007_to_s011,8,41,S007C001P008R001A041_rgb.avi,S011C002P008R002A041_rgb.avi,7,11
pool_a_s007_to_s011,8,42,S007C001P008R001A042_rgb.avi,S011C002P008R002A042_rgb.avi,7,11
pool_a_s007_to_s011,8,43,S007C001P008R001A043_rgb.avi,S011C002P008R002A043_rgb.avi,7,11
pool_a_s007_to_s011,8,44,S007C001P008R001A044_rgb.avi,S011C002P008R002A044_rgb.avi,7,11
pool_a_s007_to_s011,8,45,S007C001P008R001A045_rgb.avi,S011C002P008R002A045_rgb.avi,7,11
pool_a_s007_to_s011,8,46,S007C001P008R001A046_rgb.avi,S011C002P008R002A046_rgb.avi,7,11
pool_a_s007_to_s011,8,47,S007C001P008R001A047_rgb.avi,S011C002P008R002A047_rgb.avi,7,11
pool_a_s007_to_s011,8,48,S007C001P008R001A048_rgb.avi,S011C002P008R002A048_rgb.avi,7,11
pool_a_s007_to_s011,8,49,S007C001P008R001A049_rgb.avi,S011C002P008R002A049_rgb.avi,7,11
pool_a_s007_to_s011,8,50,S007C001P008R001A050_rgb.avi,S011C002P008R002A050_rgb.avi,7,11
pool_a_s007_to_s011,8,51,S007C001P008R001A051_rgb.avi,S011C002P008R002A051_rgb.avi,7,11
pool_a_s007_to_s011,8,52,S007C001P008R001A052_rgb.avi,S011C002P008R002A052_rgb.avi,7,11
pool_a_s007_to_s011,8,53,S007C001P008R001A053_rgb.avi,S011C002P008R002A053_rgb.avi,7,11
pool_a_s007_to_s011,8,54,S007C001P008R001A054_rgb.avi,S011C002P008R002A054_rgb.avi,7,11
pool_a_s007_to_s011,8,55,S007C001P008R001A055_rgb.avi,S011C002P008R002A055_rgb.avi,7,11
pool_a_s007_to_s011,8,56,S007C001P008R001A056_rgb.avi,S011C002P008R002A056_rgb.avi,7,11
pool_a_s007_to_s011,8,57,S007C001P008R001A057_rgb.avi,S011C002P008R002A057_rgb.avi,7,11
pool_a_s007_to_s011,8,58,S007C001P008R001A058_rgb.avi,S011C002P008R002A058_rgb.avi,7,11
pool_a_s007_to_s011,8,59,S007C001P008R001A059_rgb.avi,S011C002P008R002A059_rgb.avi,7,11
pool_a_s007_to_s011,8,60,S007C001P008R001A060_rgb.avi,S011C002P008R002A060_rgb.avi,7,11
pool_a_s007_to_s011,15,1,S007C001P015R001A001_rgb.avi,S011C002P015R002A001_rgb.avi,7,11
pool_a_s007_to_s011,15,2,S007C001P015R001A002_rgb.avi,S011C002P015R002A002_rgb.avi,7,11
pool_a_s007_to_s011,15,3,S007C001P015R001A003_rgb.avi,S011C002P015R002A003_rgb.avi,7,11
pool_a_s007_to_s011,15,4,S007C001P015R001A004_rgb.avi,S011C002P015R002A004_rgb.avi,7,11
pool_a_s007_to_s011,15,5,S007C001P015R001A005_rgb.avi,S011C002P015R002A005_rgb.avi,7,11
pool_a_s007_to_s011,15,6,S007C001P015R001A006_rgb.avi,S011C002P015R002A006_rgb.avi,7,11
pool_a_s007_to_s011,15,7,S007C001P015R001A007_rgb.avi,S011C002P015R002A007_rgb.avi,7,11
pool_a_s007_to_s011,15,8,S007C001P015R001A008_rgb.avi,S011C002P015R002A008_rgb.avi,7,11
pool_a_s007_to_s011,15,9,S007C001P015R001A009_rgb.avi,S011C002P015R002A009_rgb.avi,7,11
pool_a_s007_to_s011,15,10,S007C001P015R001A010_rgb.avi,S011C002P015R002A010_rgb.avi,7,11
pool_a_s007_to_s011,15,11,S007C001P015R001A011_rgb.avi,S011C002P015R002A011_rgb.avi,7,11
pool_a_s007_to_s011,15,12,S007C001P015R001A012_rgb.avi,S011C002P015R002A012_rgb.avi,7,11
pool_a_s007_to_s011,15,13,S007C001P015R001A013_rgb.avi,S011C002P015R002A013_rgb.avi,7,11
pool_a_s007_to_s011,15,14,S007C001P015R001A014_rgb.avi,S011C002P015R002A014_rgb.avi,7,11
pool_a_s007_to_s011,15,15,S007C001P015R001A015_rgb.avi,S011C002P015R002A015_rgb.avi,7,11
pool_a_s007_to_s011,15,16,S007C001P015R001A016_rgb.avi,S011C002P015R002A016_rgb.avi,7,11
pool_a_s007_to_s011,15,17,S007C001P015R001A017_rgb.avi,S011C002P015R002A017_rgb.avi,7,11
pool_a_s007_to_s011,15,18,S007C001P015R001A018_rgb.avi,S011C002P015R002A018_rgb.avi,7,11
pool_a_s007_to_s011,15,19,S007C001P015R001A019_rgb.avi,S011C002P015R002A019_rgb.avi,7,11
pool_a_s007_to_s011,15,20,S007C001P015R001A020_rgb.avi,S011C002P015R002A020_rgb.avi,7,11
pool_a_s007_to_s011,15,21,S007C001P015R001A021_rgb.avi,S011C002P015R002A021_rgb.avi,7,11
pool_a_s007_to_s011,15,22,S007C001P015R001A022_rgb.avi,S011C002P015R002A022_rgb.avi,7,11
pool_a_s007_to_s011,15,23,S007C001P015R001A023_rgb.avi,S011C002P015R002A023_rgb.avi,7,11
pool_a_s007_to_s011,15,24,S007C001P015R001A024_rgb.avi,S011C002P015R002A024_rgb.avi,7,11
pool_a_s007_to_s011,15,25,S007C001P015R001A025_rgb.avi,S011C002P015R002A025_rgb.avi,7,11
pool_a_s007_to_s011,15,26,S007C001P015R001A026_rgb.avi,S011C002P015R002A026_rgb.avi,7,11
pool_a_s007_to_s011,15,27,S007C001P015R001A027_rgb.avi,S011C002P015R002A027_rgb.avi,7,11
pool_a_s007_to_s011,15,28,S007C001P015R001A028_rgb.avi,S011C002P015R002A028_rgb.avi,7,11
pool_a_s007_to_s011,15,29,S007C001P015R001A029_rgb.avi,S011C002P015R002A029_rgb.avi,7,11
pool_a_s007_to_s011,15,30,S007C001P015R001A030_rgb.avi,S011C002P015R002A030_rgb.avi,7,11
pool_a_s007_to_s011,15,31,S007C001P015R001A031_rgb.avi,S011C002P015R002A031_rgb.avi,7,11
pool_a_s007_to_s011,15,32,S007C001P015R001A032_rgb.avi,S011C002P015R002A032_rgb.avi,7,11
pool_a_s007_to_s011,15,33,S007C001P015R001A033_rgb.avi,S011C002P015R002A033_rgb.avi,7,11
pool_a_s007_to_s011,15,34,S007C001P015R001A034_rgb.avi,S011C002P015R002A034_rgb.avi,7,11
pool_a_s007_to_s011,15,35,S007C001P015R001A035_rgb.avi,S011C002P015R002A035_rgb.avi,7,11
pool_a_s007_to_s011,15,36,S007C001P015R001A036_rgb.avi,S011C002P015R002A036_rgb.avi,7,11
pool_a_s007_to_s011,15,37,S007C001P015R001A037_rgb.avi,S011C002P015R002A037_rgb.avi,7,11
pool_a_s007_to_s011,15,38,S007C001P015R001A038_rgb.avi,S011C002P015R002A038_rgb.avi,7,11
pool_a_s007_to_s011,15,39,S007C001P015R001A039_rgb.avi,S011C002P015R002A039_rgb.avi,7,11
pool_a_s007_to_s011,15,40,S007C001P015R001A040_rgb.avi,S011C002P015R002A040_rgb.avi,7,11
pool_a_s007_to_s011,15,41,S007C001P015R001A041_rgb.avi,S011C002P015R002A041_rgb.avi,7,11
pool_a_s007_to_s011,15,42,S007C001P015R001A042_rgb.avi,S011C002P015R002A042_rgb.avi,7,11
pool_a_s007_to_s011,15,43,S007C001P015R001A043_rgb.avi,S011C002P015R002A043_rgb.avi,7,11
pool_a_s007_to_s011,15,44,S007C001P015R001A044_rgb.avi,S011C002P015R002A044_rgb.avi,7,11
pool_a_s007_to_s011,15,45,S007C001P015R001A045_rgb.avi,S011C002P015R002A045_rgb.avi,7,11
pool_a_s007_to_s011,15,46,S007C001P015R001A046_rgb.avi,S011C002P015R002A046_rgb.avi,7,11
pool_a_s007_to_s011,15,47,S007C001P015R001A047_rgb.avi,S011C002P015R002A047_rgb.avi,7,11
pool_a_s007_to_s011,15,48,S007C001P015R001A048_rgb.avi,S011C002P015R002A048_rgb.avi,7,11
pool_a_s007_to_s011,15,49,S007C001P015R001A049_rgb.avi,S011C002P015R002A049_rgb.avi,7,11
pool_a_s007_to_s011,15,50,S007C001P015R001A050_rgb.avi,S011C002P015R002A050_rgb.avi,7,11
pool_a_s007_to_s011,15,51,S007C001P015R001A051_rgb.avi,S011C002P015R002A051_rgb.avi,7,11
pool_a_s007_to_s011,15,52,S007C001P015R001A052_rgb.avi,S011C002P015R002A052_rgb.avi,7,11
pool_a_s007_to_s011,15,53,S007C001P015R001A053_rgb.avi,S011C002P015R002A053_rgb.avi,7,11
pool_a_s007_to_s011,15,54,S007C001P015R001A054_rgb.avi,S011C002P015R002A054_rgb.avi,7,11
pool_a_s007_to_s011,15,55,S007C001P015R001A055_rgb.avi,S011C002P015R002A055_rgb.avi,7,11
pool_a_s007_to_s011,15,56,S007C001P015R001A056_rgb.avi,S011C002P015R002A056_rgb.avi,7,11
pool_a_s007_to_s011,15,57,S007C001P015R001A057_rgb.avi,S011C002P015R002A057_rgb.avi,7,11
pool_a_s007_to_s011,15,58,S007C001P015R001A058_rgb.avi,S011C002P015R002A058_rgb.avi,7,11
pool_a_s007_to_s011,15,59,S007C001P015R001A059_rgb.avi,S011C002P015R002A059_rgb.avi,7,11
pool_a_s007_to_s011,15,60,S007C001P015R001A060_rgb.avi,S011C002P015R002A060_rgb.avi,7,11
pool_a_s007_to_s011,16,1,S007C001P016R001A001_rgb.avi,S011C002P016R002A001_rgb.avi,7,11
pool_a_s007_to_s011,16,2,S007C001P016R001A002_rgb.avi,S011C002P016R002A002_rgb.avi,7,11
pool_a_s007_to_s011,16,3,S007C001P016R001A003_rgb.avi,S011C002P016R002A003_rgb.avi,7,11
pool_a_s007_to_s011,16,4,S007C001P016R001A004_rgb.avi,S011C002P016R002A004_rgb.avi,7,11
pool_a_s007_to_s011,16,5,S007C001P016R001A005_rgb.avi,S011C002P016R002A005_rgb.avi,7,11
pool_a_s007_to_s011,16,6,S007C001P016R001A006_rgb.avi,S011C002P016R002A006_rgb.avi,7,11
pool_a_s007_to_s011,16,7,S007C001P016R001A007_rgb.avi,S011C002P016R002A007_rgb.avi,7,11
pool_a_s007_to_s011,16,8,S007C001P016R001A008_rgb.avi,S011C002P016R002A008_rgb.avi,7,11
pool_a_s007_to_s011,16,9,S007C001P016R001A009_rgb.avi,S011C002P016R002A009_rgb.avi,7,11
pool_a_s007_to_s011,16,10,S007C001P016R001A010_rgb.avi,S011C002P016R002A010_rgb.avi,7,11
pool_a_s007_to_s011,16,11,S007C001P016R001A011_rgb.avi,S011C002P016R002A011_rgb.avi,7,11
pool_a_s007_to_s011,16,12,S007C001P016R001A012_rgb.avi,S011C002P016R002A012_rgb.avi,7,11
pool_a_s007_to_s011,16,13,S007C001P016R001A013_rgb.avi,S011C002P016R002A013_rgb.avi,7,11
pool_a_s007_to_s011,16,14,S007C001P016R001A014_rgb.avi,S011C002P016R002A014_rgb.avi,7,11
pool_a_s007_to_s011,16,15,S007C001P016R001A015_rgb.avi,S011C002P016R002A015_rgb.avi,7,11
pool_a_s007_to_s011,16,16,S007C001P016R001A016_rgb.avi,S011C002P016R002A016_rgb.avi,7,11
pool_a_s007_to_s011,16,17,S007C001P016R001A017_rgb.avi,S011C002P016R002A017_rgb.avi,7,11
pool_a_s007_to_s011,16,18,S007C001P016R001A018_rgb.avi,S011C002P016R002A018_rgb.avi,7,11
pool_a_s007_to_s011,16,19,S007C001P016R001A019_rgb.avi,S011C002P016R002A019_rgb.avi,7,11
pool_a_s007_to_s011,16,20,S007C001P016R001A020_rgb.avi,S011C002P016R002A020_rgb.avi,7,11
pool_a_s007_to_s011,16,21,S007C001P016R001A021_rgb.avi,S011C002P016R002A021_rgb.avi,7,11
pool_a_s007_to_s011,16,22,S007C001P016R001A022_rgb.avi,S011C002P016R002A022_rgb.avi,7,11
pool_a_s007_to_s011,16,23,S007C001P016R001A023_rgb.avi,S011C002P016R002A023_rgb.avi,7,11
pool_a_s007_to_s011,16,24,S007C001P016R001A024_rgb.avi,S011C002P016R002A024_rgb.avi,7,11
pool_a_s007_to_s011,16,25,S007C001P016R001A025_rgb.avi,S011C002P016R002A025_rgb.avi,7,11
pool_a_s007_to_s011,16,26,S007C001P016R001A026_rgb.avi,S011C002P016R002A026_rgb.avi,7,11
pool_a_s007_to_s011,16,27,S007C001P016R001A027_rgb.avi,S011C002P016R002A027_rgb.avi,7,11
pool_a_s007_to_s011,16,28,S007C001P016R001A028_rgb.avi,S011C002P016R002A028_rgb.avi,7,11
pool_a_s007_to_s011,16,29,S007C001P016R001A029_rgb.avi,S011C002P016R002A029_rgb.avi,7,11
pool_a_s007_to_s011,16,30,S007C001P016R001A030_rgb.avi,S011C002P016R002A030_rgb.avi,7,11
pool_a_s007_to_s011,16,31,S007C001P016R001A031_rgb.avi,S011C002P016R002A031_rgb.avi,7,11
pool_a_s007_to_s011,16,32,S007C001P016R001A032_rgb.avi,S011C002P016R002A032_rgb.avi,7,11
pool_a_s007_to_s011,16,33,S007C001P016R001A033_rgb.avi,S011C002P016R002A033_rgb.avi,7,11
pool_a_s007_to_s011,16,34,S007C001P016R001A034_rgb.avi,S011C002P016R002A034_rgb.avi,7,11
pool_a_s007_to_s011,16,35,S007C001P016R001A035_rgb.avi,S011C002P016R002A035_rgb.avi,7,11
pool_a_s007_to_s011,16,36,S007C001P016R001A036_rgb.avi,S011C002P016R002A036_rgb.avi,7,11
pool_a_s007_to_s011,16,37,S007C001P016R001A037_rgb.avi,S011C002P016R002A037_rgb.avi,7,11
pool_a_s007_to_s011,16,38,S007C001P016R001A038_rgb.avi,S011C002P016R002A038_rgb.avi,7,11
pool_a_s007_to_s011,16,39,S007C001P016R001A039_rgb.avi,S011C002P016R002A039_rgb.avi,7,11
pool_a_s007_to_s011,16,40,S007C001P016R001A040_rgb.avi,S011C002P016R002A040_rgb.avi,7,11
pool_a_s007_to_s011,16,41,S007C001P016R001A041_rgb.avi,S011C002P016R002A041_rgb.avi,7,11
pool_a_s007_to_s011,16,42,S007C001P016R001A042_rgb.avi,S011C002P016R002A042_rgb.avi,7,11
pool_a_s007_to_s011,16,43,S007C001P016R001A043_rgb.avi,S011C002P016R002A043_rgb.avi,7,11
pool_a_s007_to_s011,16,44,S007C001P016R001A044_rgb.avi,S011C002P016R002A044_rgb.avi,7,11
pool_a_s007_to_s011,16,45,S007C001P016R001A045_rgb.avi,S011C002P016R002A045_rgb.avi,7,11
pool_a_s007_to_s011,16,46,S007C001P016R001A046_rgb.avi,S011C002P016R002A046_rgb.avi,7,11
pool_a_s007_to_s011,16,47,S007C001P016R001A047_rgb.avi,S011C002P016R002A047_rgb.avi,7,11
pool_a_s007_to_s011,16,48,S007C001P016R001A048_rgb.avi,S011C002P016R002A048_rgb.avi,7,11
pool_a_s007_to_s011,16,49,S007C001P016R001A049_rgb.avi,S011C002P016R002A049_rgb.avi,7,11
pool_a_s007_to_s011,16,50,S007C001P016R001A050_rgb.avi,S011C002P016R002A050_rgb.avi,7,11
pool_a_s007_to_s011,16,51,S007C001P016R001A051_rgb.avi,S011C002P016R002A051_rgb.avi,7,11
pool_a_s007_to_s011,16,52,S007C001P016R001A052_rgb.avi,S011C002P016R002A052_rgb.avi,7,11
pool_a_s007_to_s011,16,53,S007C001P016R001A053_rgb.avi,S011C002P016R002A053_rgb.avi,7,11
pool_a_s007_to_s011,16,54,S007C001P016R001A054_rgb.avi,S011C002P016R002A054_rgb.avi,7,11
pool_a_s007_to_s011,16,55,S007C001P016R001A055_rgb.avi,S011C002P016R002A055_rgb.avi,7,11
pool_a_s007_to_s011,16,56,S007C001P016R001A056_rgb.avi,S011C002P016R002A056_rgb.avi,7,11
pool_a_s007_to_s011,16,57,S007C001P016R001A057_rgb.avi,S011C002P016R002A057_rgb.avi,7,11
pool_a_s007_to_s011,16,58,S007C001P016R001A058_rgb.avi,S011C002P016R002A058_rgb.avi,7,11
pool_a_s007_to_s011,16,59,S007C001P016R001A059_rgb.avi,S011C002P016R002A059_rgb.avi,7,11
pool_a_s007_to_s011,16,60,S007C001P016R001A060_rgb.avi,S011C002P016R002A060_rgb.avi,7,11
pool_a_s007_to_s011,17,1,S007C001P017R001A001_rgb.avi,S011C002P017R002A001_rgb.avi,7,11
pool_a_s007_to_s011,17,2,S007C001P017R001A002_rgb.avi,S011C002P017R002A002_rgb.avi,7,11
pool_a_s007_to_s011,17,3,S007C001P017R001A003_rgb.avi,S011C002P017R002A003_rgb.avi,7,11
pool_a_s007_to_s011,17,4,S007C001P017R001A004_rgb.avi,S011C002P017R002A004_rgb.avi,7,11
pool_a_s007_to_s011,17,5,S007C001P017R001A005_rgb.avi,S011C002P017R002A005_rgb.avi,7,11
pool_a_s007_to_s011,17,6,S007C001P017R001A006_rgb.avi,S011C002P017R002A006_rgb.avi,7,11
pool_a_s007_to_s011,17,7,S007C001P017R001A007_rgb.avi,S011C002P017R002A007_rgb.avi,7,11
pool_a_s007_to_s011,17,8,S007C001P017R001A008_rgb.avi,S011C002P017R002A008_rgb.avi,7,11
pool_a_s007_to_s011,17,9,S007C001P017R001A009_rgb.avi,S011C002P017R002A009_rgb.avi,7,11
pool_a_s007_to_s011,17,10,S007C001P017R001A010_rgb.avi,S011C002P017R002A010_rgb.avi,7,11
pool_a_s007_to_s011,17,11,S007C001P017R001A011_rgb.avi,S011C002P017R002A011_rgb.avi,7,11
pool_a_s007_to_s011,17,12,S007C001P017R001A012_rgb.avi,S011C002P017R002A012_rgb.avi,7,11
pool_a_s007_to_s011,17,13,S007C001P017R001A013_rgb.avi,S011C002P017R002A013_rgb.avi,7,11
pool_a_s007_to_s011,17,14,S007C001P017R001A014_rgb.avi,S011C002P017R002A014_rgb.avi,7,11
pool_a_s007_to_s011,17,15,S007C001P017R001A015_rgb.avi,S011C002P017R002A015_rgb.avi,7,11
pool_a_s007_to_s011,17,16,S007C001P017R001A016_rgb.avi,S011C002P017R002A016_rgb.avi,7,11
pool_a_s007_to_s011,17,17,S007C001P017R001A017_rgb.avi,S011C002P017R002A017_rgb.avi,7,11
pool_a_s007_to_s011,17,18,S007C001P017R001A018_rgb.avi,S011C002P017R002A018_rgb.avi,7,11
pool_a_s007_to_s011,17,19,S007C001P017R001A019_rgb.avi,S011C002P017R002A019_rgb.avi,7,11
pool_a_s007_to_s011,17,20,S007C001P017R001A020_rgb.avi,S011C002P017R002A020_rgb.avi,7,11
pool_a_s007_to_s011,17,21,S007C001P017R001A021_rgb.avi,S011C002P017R002A021_rgb.avi,7,11
pool_a_s007_to_s011,17,22,S007C001P017R001A022_rgb.avi,S011C002P017R002A022_rgb.avi,7,11
pool_a_s007_to_s011,17,23,S007C001P017R001A023_rgb.avi,S011C002P017R002A023_rgb.avi,7,11
pool_a_s007_to_s011,17,24,S007C001P017R001A024_rgb.avi,S011C002P017R002A024_rgb.avi,7,11
pool_a_s007_to_s011,17,25,S007C001P017R001A025_rgb.avi,S011C002P017R002A025_rgb.avi,7,11
pool_a_s007_to_s011,17,26,S007C001P017R001A026_rgb.avi,S011C002P017R002A026_rgb.avi,7,11
pool_a_s007_to_s011,17,27,S007C001P017R001A027_rgb.avi,S011C002P017R002A027_rgb.avi,7,11
pool_a_s007_to_s011,17,28,S007C001P017R001A028_rgb.avi,S011C002P017R002A028_rgb.avi,7,11
pool_a_s007_to_s011,17,29,S007C001P017R001A029_rgb.avi,S011C002P017R002A029_rgb.avi,7,11
pool_a_s007_to_s011,17,30,S007C001P017R001A030_rgb.avi,S011C002P017R002A030_rgb.avi,7,11
pool_a_s007_to_s011,17,31,S007C001P017R001A031_rgb.avi,S011C002P017R002A031_rgb.avi,7,11
pool_a_s007_to_s011,17,32,S007C001P017R001A032_rgb.avi,S011C002P017R002A032_rgb.avi,7,11
pool_a_s007_to_s011,17,33,S007C001P017R001A033_rgb.avi,S011C002P017R002A033_rgb.avi,7,11
pool_a_s007_to_s011,17,34,S007C001P017R001A034_rgb.avi,S011C002P017R002A034_rgb.avi,7,11
pool_a_s007_to_s011,17,35,S007C001P017R001A035_rgb.avi,S011C002P017R002A035_rgb.avi,7,11
pool_a_s007_to_s011,17,36,S007C001P017R001A036_rgb.avi,S011C002P017R002A036_rgb.avi,7,11
pool_a_s007_to_s011,17,37,S007C001P017R001A037_rgb.avi,S011C002P017R002A037_rgb.avi,7,11
pool_a_s007_to_s011,17,38,S007C001P017R001A038_rgb.avi,S011C002P017R002A038_rgb.avi,7,11
pool_a_s007_to_s011,17,39,S007C001P017R001A039_rgb.avi,S011C002P017R002A039_rgb.avi,7,11
pool_a_s007_to_s011,17,40,S007C001P017R001A040_rgb.avi,S011C002P017R002A040_rgb.avi,7,11
pool_a_s007_to_s011,17,41,S007C001P017R001A041_rgb.avi,S011C002P017R002A041_rgb.avi,7,11
pool_a_s007_to_s011,17,42,S007C001P017R001A042_rgb.avi,S011C002P017R002A042_rgb.avi,7,11
pool_a_s007_to_s011,17,43,S007C001P017R001A043_rgb.avi,S011C002P017R002A043_rgb.avi,7,11
pool_a_s007_to_s011,17,44,S007C001P017R001A044_rgb.avi,S011C002P017R002A044_rgb.avi,7,11
pool_a_s007_to_s011,17,45,S007C001P017R001A045_rgb.avi,S011C002P017R002A045_rgb.avi,7,11
pool_a_s007_to_s011,17,46,S007C001P017R001A046_rgb.avi,S011C002P017R002A046_rgb.avi,7,11
pool_a_s007_to_s011,17,47,S007C001P017R001A047_rgb.avi,S011C002P017R002A047_rgb.avi,7,11
pool_a_s007_to_s011,17,48,S007C001P017R001A048_rgb.avi,S011C002P017R002A048_rgb.avi,7,11
pool_a_s007_to_s011,17,49,S007C001P017R001A049_rgb.avi,S011C002P017R002A049_rgb.avi,7,11
pool_a_s007_to_s011,17,50,S007C001P017R001A050_rgb.avi,S011C002P017R002A050_rgb.avi,7,11
pool_a_s007_to_s011,17,51,S007C001P017R001A051_rgb.avi,S011C002P017R002A051_rgb.avi,7,11
pool_a_s007_to_s011,17,52,S007C001P017R001A052_rgb.avi,S011C002P017R002A052_rgb.avi,7,11
pool_a_s007_to_s011,17,53,S007C001P017R001A053_rgb.avi,S011C002P017R002A053_rgb.avi,7,11
pool_a_s007_to_s011,17,54,S007C001P017R001A054_rgb.avi,S011C002P017R002A054_rgb.avi,7,11
pool_a_s007_to_s011,17,55,S007C001P017R001A055_rgb.avi,S011C002P017R002A055_rgb.avi,7,11
pool_a_s007_to_s011,17,56,S007C001P017R001A056_rgb.avi,S011C002P017R002A056_rgb.avi,7,11
pool_a_s007_to_s011,17,57,S007C001P017R001A057_rgb.avi,S011C002P017R002A057_rgb.avi,7,11
pool_a_s007_to_s011,17,58,S007C001P017R001A058_rgb.avi,S011C002P017R002A058_rgb.avi,7,11
pool_a_s007_to_s011,17,59,S007C001P017R001A059_rgb.avi,S011C002P017R002A059_rgb.avi,7,11
pool_a_s007_to_s011,17,60,S007C001P017R001A060_rgb.avi,S011C002P017R002A060_rgb.avi,7,11
pool_a_s007_to_s011,18,1,S007C001P018R001A001_rgb.avi,S011C002P018R002A001_rgb.avi,7,11
pool_a_s007_to_s011,18,2,S007C001P018R001A002_rgb.avi,S011C002P018R002A002_rgb.avi,7,11
pool_a_s007_to_s011,18,3,S007C001P018R001A003_rgb.avi,S011C002P018R002A003_rgb.avi,7,11
pool_a_s007_to_s011,18,4,S007C001P018R001A004_rgb.avi,S011C002P018R002A004_rgb.avi,7,11
pool_a_s007_to_s011,18,5,S007C001P018R001A005_rgb.avi,S011C002P018R002A005_rgb.avi,7,11
pool_a_s007_to_s011,18,6,S007C001P018R001A006_rgb.avi,S011C002P018R002A006_rgb.avi,7,11
pool_a_s007_to_s011,18,7,S007C001P018R001A007_rgb.avi,S011C002P018R002A007_rgb.avi,7,11
pool_a_s007_to_s011,18,8,S007C001P018R001A008_rgb.avi,S011C002P018R002A008_rgb.avi,7,11
pool_a_s007_to_s011,18,9,S007C001P018R001A009_rgb.avi,S011C002P018R002A009_rgb.avi,7,11
pool_a_s007_to_s011,18,10,S007C001P018R001A010_rgb.avi,S011C002P018R002A010_rgb.avi,7,11
pool_a_s007_to_s011,18,11,S007C001P018R001A011_rgb.avi,S011C002P018R002A011_rgb.avi,7,11
pool_a_s007_to_s011,18,12,S007C001P018R001A012_rgb.avi,S011C002P018R002A012_rgb.avi,7,11
pool_a_s007_to_s011,18,13,S007C001P018R001A013_rgb.avi,S011C002P018R002A013_rgb.avi,7,11
pool_a_s007_to_s011,18,14,S007C001P018R001A014_rgb.avi,S011C002P018R002A014_rgb.avi,7,11
pool_a_s007_to_s011,18,15,S007C001P018R001A015_rgb.avi,S011C002P018R002A015_rgb.avi,7,11
pool_a_s007_to_s011,18,16,S007C001P018R001A016_rgb.avi,S011C002P018R002A016_rgb.avi,7,11
pool_a_s007_to_s011,18,17,S007C001P018R001A017_rgb.avi,S011C002P018R002A017_rgb.avi,7,11
pool_a_s007_to_s011,18,18,S007C001P018R001A018_rgb.avi,S011C002P018R002A018_rgb.avi,7,11
pool_a_s007_to_s011,18,19,S007C001P018R001A019_rgb.avi,S011C002P018R002A019_rgb.avi,7,11
pool_a_s007_to_s011,18,20,S007C001P018R001A020_rgb.avi,S011C002P018R002A020_rgb.avi,7,11
pool_a_s007_to_s011,18,21,S007C001P018R001A021_rgb.avi,S011C002P018R002A021_rgb.avi,7,11
pool_a_s007_to_s011,18,22,S007C001P018R001A022_rgb.avi,S011C002P018R002A022_rgb.avi,7,11
pool_a_s007_to_s011,18,23,S007C001P018R001A023_rgb.avi,S011C002P018R002A023_rgb.avi,7,11
pool_a_s007_to_s011,18,24,S007C001P018R001A024_rgb.avi,S011C002P018R002A024_rgb.avi,7,11
pool_a_s007_to_s011,18,25,S007C001P018R001A025_rgb.avi,S011C002P018R002A025_rgb.avi,7,11
pool_a_s007_to_s011,18,26,S007C001P018R001A026_rgb.avi,S011C002P018R002A026_rgb.avi,7,11
pool_a_s007_to_s011,18,27,S007C001P018R001A027_rgb.avi,S011C002P018R002A027_rgb.avi,7,11
pool_a_s007_to_s011,18,28,S007C001P018R001A028_rgb.avi,S011C002P018R002A028_rgb.avi,7,11
pool_a_s007_to_s011,18,29,S007C001P018R001A029_rgb.avi,S011C002P018R002A029_rgb.avi,7,11
pool_a_s007_to_s011,18,30,S007C001P018R001A030_rgb.avi,S011C002P018R002A030_rgb.avi,7,11
pool_a_s007_to_s011,18,31,S007C001P018R001A031_rgb.avi,S011C002P018R002A031_rgb.avi,7,11
pool_a_s007_to_s011,18,32,S007C001P018R001A032_rgb.avi,S011C002P018R002A032_rgb.avi,7,11
pool_a_s007_to_s011,18,33,S007C001P018R001A033_rgb.avi,S011C002P018R002A033_rgb.avi,7,11
pool_a_s007_to_s011,18,34,S007C001P018R001A034_rgb.avi,S011C002P018R002A034_rgb.avi,7,11
pool_a_s007_to_s011,18,35,S007C001P018R001A035_rgb.avi,S011C002P018R002A035_rgb.avi,7,11
pool_a_s007_to_s011,18,36,S007C001P018R001A036_rgb.avi,S011C002P018R002A036_rgb.avi,7,11
pool_a_s007_to_s011,18,37,S007C001P018R001A037_rgb.avi,S011C002P018R002A037_rgb.avi,7,11
pool_a_s007_to_s011,18,38,S007C001P018R001A038_rgb.avi,S011C002P018R002A038_rgb.avi,7,11
pool_a_s007_to_s011,18,39,S007C001P018R001A039_rgb.avi,S011C002P018R002A039_rgb.avi,7,11
pool_a_s007_to_s011,18,40,S007C001P018R001A040_rgb.avi,S011C002P018R002A040_rgb.avi,7,11
pool_a_s007_to_s011,18,41,S007C001P018R001A041_rgb.avi,S011C002P018R002A041_rgb.avi,7,11
pool_a_s007_to_s011,18,42,S007C001P018R001A042_rgb.avi,S011C002P018R002A042_rgb.avi,7,11
pool_a_s007_to_s011,18,43,S007C001P018R001A043_rgb.avi,S011C002P018R002A043_rgb.avi,7,11
pool_a_s007_to_s011,18,44,S007C001P018R001A044_rgb.avi,S011C002P018R002A044_rgb.avi,7,11
pool_a_s007_to_s011,18,45,S007C001P018R001A045_rgb.avi,S011C002P018R002A045_rgb.avi,7,11
pool_a_s007_to_s011,18,46,S007C001P018R001A046_rgb.avi,S011C002P018R002A046_rgb.avi,7,11
pool_a_s007_to_s011,18,47,S007C001P018R001A047_rgb.avi,S011C002P018R002A047_rgb.avi,7,11
pool_a_s007_to_s011,18,48,S007C001P018R001A048_rgb.avi,S011C002P018R002A048_rgb.avi,7,11
pool_a_s007_to_s011,18,49,S007C001P018R001A049_rgb.avi,S011C002P018R002A049_rgb.avi,7,11
pool_a_s007_to_s011,18,50,S007C001P018R001A050_rgb.avi,S011C002P018R002A050_rgb.avi,7,11
pool_a_s007_to_s011,18,51,S007C001P018R001A051_rgb.avi,S011C002P018R002A051_rgb.avi,7,11
pool_a_s007_to_s011,18,52,S007C001P018R001A052_rgb.avi,S011C002P018R002A052_rgb.avi,7,11
pool_a_s007_to_s011,18,53,S007C001P018R001A053_rgb.avi,S011C002P018R002A053_rgb.avi,7,11
pool_a_s007_to_s011,18,54,S007C001P018R001A054_rgb.avi,S011C002P018R002A054_rgb.avi,7,11
pool_a_s007_to_s011,18,55,S007C001P018R001A055_rgb.avi,S011C002P018R002A055_rgb.avi,7,11
pool_a_s007_to_s011,18,56,S007C001P018R001A056_rgb.avi,S011C002P018R002A056_rgb.avi,7,11
pool_a_s007_to_s011,18,57,S007C001P018R001A057_rgb.avi,S011C002P018R002A057_rgb.avi,7,11
pool_a_s007_to_s011,18,58,S007C001P018R001A058_rgb.avi,S011C002P018R002A058_rgb.avi,7,11
pool_a_s007_to_s011,18,59,S007C001P018R001A059_rgb.avi,S011C002P018R002A059_rgb.avi,7,11
pool_a_s007_to_s011,18,60,S007C001P018R001A060_rgb.avi,S011C002P018R002A060_rgb.avi,7,11
pool_a_s007_to_s011,19,1,S007C001P019R001A001_rgb.avi,S011C002P019R002A001_rgb.avi,7,11
pool_a_s007_to_s011,19,2,S007C001P019R001A002_rgb.avi,S011C002P019R002A002_rgb.avi,7,11
pool_a_s007_to_s011,19,3,S007C001P019R001A003_rgb.avi,S011C002P019R002A003_rgb.avi,7,11
pool_a_s007_to_s011,19,4,S007C001P019R001A004_rgb.avi,S011C002P019R002A004_rgb.avi,7,11
pool_a_s007_to_s011,19,5,S007C001P019R001A005_rgb.avi,S011C002P019R002A005_rgb.avi,7,11
pool_a_s007_to_s011,19,6,S007C001P019R001A006_rgb.avi,S011C002P019R002A006_rgb.avi,7,11
pool_a_s007_to_s011,19,7,S007C001P019R001A007_rgb.avi,S011C002P019R002A007_rgb.avi,7,11
pool_a_s007_to_s011,19,8,S007C001P019R001A008_rgb.avi,S011C002P019R002A008_rgb.avi,7,11
pool_a_s007_to_s011,19,9,S007C001P019R001A009_rgb.avi,S011C002P019R002A009_rgb.avi,7,11
pool_a_s007_to_s011,19,10,S007C001P019R001A010_rgb.avi,S011C002P019R002A010_rgb.avi,7,11
pool_a_s007_to_s011,19,11,S007C001P019R001A011_rgb.avi,S011C002P019R002A011_rgb.avi,7,11
pool_a_s007_to_s011,19,12,S007C001P019R001A012_rgb.avi,S011C002P019R002A012_rgb.avi,7,11
pool_a_s007_to_s011,19,13,S007C001P019R001A013_rgb.avi,S011C002P019R002A013_rgb.avi,7,11
pool_a_s007_to_s011,19,14,S007C001P019R001A014_rgb.avi,S011C002P019R002A014_rgb.avi,7,11
pool_a_s007_to_s011,19,15,S007C001P019R001A015_rgb.avi,S011C002P019R002A015_rgb.avi,7,11
pool_a_s007_to_s011,19,16,S007C001P019R001A016_rgb.avi,S011C002P019R002A016_rgb.avi,7,11
pool_a_s007_to_s011,19,17,S007C001P019R001A017_rgb.avi,S011C002P019R002A017_rgb.avi,7,11
pool_a_s007_to_s011,19,18,S007C001P019R001A018_rgb.avi,S011C002P019R002A018_rgb.avi,7,11
pool_a_s007_to_s011,19,19,S007C001P019R001A019_rgb.avi,S011C002P019R002A019_rgb.avi,7,11
pool_a_s007_to_s011,19,20,S007C001P019R001A020_rgb.avi,S011C002P019R002A020_rgb.avi,7,11
pool_a_s007_to_s011,19,21,S007C001P019R001A021_rgb.avi,S011C002P019R002A021_rgb.avi,7,11
pool_a_s007_to_s011,19,22,S007C001P019R001A022_rgb.avi,S011C002P019R002A022_rgb.avi,7,11
pool_a_s007_to_s011,19,23,S007C001P019R001A023_rgb.avi,S011C002P019R002A023_rgb.avi,7,11
pool_a_s007_to_s011,19,24,S007C001P019R001A024_rgb.avi,S011C002P019R002A024_rgb.avi,7,11
pool_a_s007_to_s011,19,25,S007C001P019R001A025_rgb.avi,S011C002P019R002A025_rgb.avi,7,11
pool_a_s007_to_s011,19,26,S007C001P019R001A026_rgb.avi,S011C002P019R002A026_rgb.avi,7,11
pool_a_s007_to_s011,19,27,S007C001P019R001A027_rgb.avi,S011C002P019R002A027_rgb.avi,7,11
pool_a_s007_to_s011,19,28,S007C001P019R001A028_rgb.avi,S011C002P019R002A028_rgb.avi,7,11
pool_a_s007_to_s011,19,29,S007C001P019R001A029_rgb.avi,S011C002P019R002A029_rgb.avi,7,11
pool_a_s007_to_s011,19,30,S007C001P019R001A030_rgb.avi,S011C002P019R002A030_rgb.avi,7,11
pool_a_s007_to_s011,19,31,S007C001P019R001A031_rgb.avi,S011C002P019R002A031_rgb.avi,7,11
pool_a_s007_to_s011,19,32,S007C001P019R001A032_rgb.avi,S011C002P019R002A032_rgb.avi,7,11
pool_a_s007_to_s011,19,33,S007C001P019R001A033_rgb.avi,S011C002P019R002A033_rgb.avi,7,11
pool_a_s007_to_s011,19,34,S007C001P019R001A034_rgb.avi,S011C002P019R002A034_rgb.avi,7,11
pool_a_s007_to_s011,19,35,S007C001P019R001A035_rgb.avi,S011C002P019R002A035_rgb.avi,7,11
pool_a_s007_to_s011,19,36,S007C001P019R001A036_rgb.avi,S011C002P019R002A036_rgb.avi,7,11
pool_a_s007_to_s011,19,37,S007C001P019R001A037_rgb.avi,S011C002P019R002A037_rgb.avi,7,11
pool_a_s007_to_s011,19,38,S007C001P019R001A038_rgb.avi,S011C002P019R002A038_rgb.avi,7,11
pool_a_s007_to_s011,19,39,S007C001P019R001A039_rgb.avi,S011C002P019R002A039_rgb.avi,7,11
pool_a_s007_to_s011,19,40,S007C001P019R001A040_rgb.avi,S011C002P019R002A040_rgb.avi,7,11
pool_a_s007_to_s011,19,41,S007C001P019R001A041_rgb.avi,S011C002P019R002A041_rgb.avi,7,11
pool_a_s007_to_s011,19,42,S007C001P019R001A042_rgb.avi,S011C002P019R002A042_rgb.avi,7,11
pool_a_s007_to_s011,19,43,S007C001P019R001A043_rgb.avi,S011C002P019R002A043_rgb.avi,7,11
pool_a_s007_to_s011,19,44,S007C001P019R001A044_rgb.avi,S011C002P019R002A044_rgb.avi,7,11
pool_a_s007_to_s011,19,45,S007C001P019R001A045_rgb.avi,S011C002P019R002A045_rgb.avi,7,11
pool_a_s007_to_s011,19,46,S007C001P019R001A046_rgb.avi,S011C002P019R002A046_rgb.avi,7,11
pool_a_s007_to_s011,19,47,S007C001P019R001A047_rgb.avi,S011C002P019R002A047_rgb.avi,7,11
pool_a_s007_to_s011,19,48,S007C001P019R001A048_rgb.avi,S011C002P019R002A048_rgb.avi,7,11
pool_a_s007_to_s011,19,49,S007C001P019R001A049_rgb.avi,S011C002P019R002A049_rgb.avi,7,11
pool_a_s007_to_s011,19,50,S007C001P019R001A050_rgb.avi,S011C002P019R002A050_rgb.avi,7,11
pool_a_s007_to_s011,19,51,S007C001P019R001A051_rgb.avi,S011C002P019R002A051_rgb.avi,7,11
pool_a_s007_to_s011,19,52,S007C001P019R001A052_rgb.avi,S011C002P019R002A052_rgb.avi,7,11
pool_a_s007_to_s011,19,53,S007C001P019R001A053_rgb.avi,S011C002P019R002A053_rgb.avi,7,11
pool_a_s007_to_s011,19,54,S007C001P019R001A054_rgb.avi,S011C002P019R002A054_rgb.avi,7,11
pool_a_s007_to_s011,19,55,S007C001P019R001A055_rgb.avi,S011C002P019R002A055_rgb.avi,7,11
pool_a_s007_to_s011,19,56,S007C001P019R001A056_rgb.avi,S011C002P019R002A056_rgb.avi,7,11
pool_a_s007_to_s011,19,57,S007C001P019R001A057_rgb.avi,S011C002P019R002A057_rgb.avi,7,11
pool_a_s007_to_s011,19,58,S007C001P019R001A058_rgb.avi,S011C002P019R002A058_rgb.avi,7,11
pool_a_s007_to_s011,19,59,S007C001P019R001A059_rgb.avi,S011C002P019R002A059_rgb.avi,7,11
pool_a_s007_to_s011,19,60,S007C001P019R001A060_rgb.avi,S011C002P019R002A060_rgb.avi,7,11
pool_a_s007_to_s011,25,1,S007C001P025R001A001_rgb.avi,S011C002P025R002A001_rgb.avi,7,11
pool_a_s007_to_s011,25,2,S007C001P025R001A002_rgb.avi,S011C002P025R002A002_rgb.avi,7,11
pool_a_s007_to_s011,25,3,S007C001P025R001A003_rgb.avi,S011C002P025R002A003_rgb.avi,7,11
pool_a_s007_to_s011,25,4,S007C001P025R001A004_rgb.avi,S011C002P025R002A004_rgb.avi,7,11
pool_a_s007_to_s011,25,5,S007C001P025R001A005_rgb.avi,S011C002P025R002A005_rgb.avi,7,11
pool_a_s007_to_s011,25,6,S007C001P025R001A006_rgb.avi,S011C002P025R002A006_rgb.avi,7,11
pool_a_s007_to_s011,25,7,S007C001P025R001A007_rgb.avi,S011C002P025R002A007_rgb.avi,7,11
pool_a_s007_to_s011,25,8,S007C001P025R001A008_rgb.avi,S011C002P025R002A008_rgb.avi,7,11
pool_a_s007_to_s011,25,9,S007C001P025R001A009_rgb.avi,S011C002P025R002A009_rgb.avi,7,11
pool_a_s007_to_s011,25,10,S007C001P025R001A010_rgb.avi,S011C002P025R002A010_rgb.avi,7,11
pool_a_s007_to_s011,25,11,S007C001P025R001A011_rgb.avi,S011C002P025R002A011_rgb.avi,7,11
pool_a_s007_to_s011,25,12,S007C001P025R001A012_rgb.avi,S011C002P025R002A012_rgb.avi,7,11
pool_a_s007_to_s011,25,13,S007C001P025R001A013_rgb.avi,S011C002P025R002A013_rgb.avi,7,11
pool_a_s007_to_s011,25,14,S007C001P025R001A014_rgb.avi,S011C002P025R002A014_rgb.avi,7,11
pool_a_s007_to_s011,25,15,S007C001P025R001A015_rgb.avi,S011C002P025R002A015_rgb.avi,7,11
pool_a_s007_to_s011,25,16,S007C001P025R001A016_rgb.avi,S011C002P025R002A016_rgb.avi,7,11
pool_a_s007_to_s011,25,17,S007C001P025R001A017_rgb.avi,S011C002P025R002A017_rgb.avi,7,11
pool_a_s007_to_s011,25,18,S007C001P025R001A018_rgb.avi,S011C002P025R002A018_rgb.avi,7,11
pool_a_s007_to_s011,25,19,S007C001P025R001A019_rgb.avi,S011C002P025R002A019_rgb.avi,7,11
pool_a_s007_to_s011,25,20,S007C001P025R001A020_rgb.avi,S011C002P025R002A020_rgb.avi,7,11
pool_a_s007_to_s011,25,21,S007C001P025R001A021_rgb.avi,S011C002P025R002A021_rgb.avi,7,11
pool_a_s007_to_s011,25,22,S007C001P025R001A022_rgb.avi,S011C002P025R002A022_rgb.avi,7,11
pool_a_s007_to_s011,25,23,S007C001P025R001A023_rgb.avi,S011C002P025R002A023_rgb.avi,7,11
pool_a_s007_to_s011,25,24,S007C001P025R001A024_rgb.avi,S011C002P025R002A024_rgb.avi,7,11
pool_a_s007_to_s011,25,25,S007C001P025R001A025_rgb.avi,S011C002P025R002A025_rgb.avi,7,11
pool_a_s007_to_s011,25,26,S007C001P025R001A026_rgb.avi,S011C002P025R002A026_rgb.avi,7,11
pool_a_s007_to_s011,25,27,S007C001P025R001A027_rgb.avi,S011C002P025R002A027_rgb.avi,7,11
pool_a_s007_to_s011,25,28,S007C001P025R001A028_rgb.avi,S011C002P025R002A028_rgb.avi,7,11
pool_a_s007_to_s011,25,29,S007C001P025R001A029_rgb.avi,S011C002P025R002A029_rgb.avi,7,11
pool_a_s007_to_s011,25,30,S007C001P025R001A030_rgb.avi,S011C002P025R002A030_rgb.avi,7,11
pool_a_s007_to_s011,25,31,S007C001P025R001A031_rgb.avi,S011C002P025R002A031_rgb.avi,7,11
pool_a_s007_to_s011,25,32,S007C001P025R001A032_rgb.avi,S011C002P025R002A032_rgb.avi,7,11
pool_a_s007_to_s011,25,33,S007C001P025R001A033_rgb.avi,S011C002P025R002A033_rgb.avi,7,11
pool_a_s007_to_s011,25,34,S007C001P025R001A034_rgb.avi,S011C002P025R002A034_rgb.avi,7,11
pool_a_s007_to_s011,25,35,S007C001P025R001A035_rgb.avi,S011C002P025R002A035_rgb.avi,7,11
pool_a_s007_to_s011,25,36,S007C001P025R001A036_rgb.avi,S011C002P025R002A036_rgb.avi,7,11
pool_a_s007_to_s011,25,37,S007C001P025R001A037_rgb.avi,S011C002P025R002A037_rgb.avi,7,11
pool_a_s007_to_s011,25,38,S007C001P025R001A038_rgb.avi,S011C002P025R002A038_rgb.avi,7,11
pool_a_s007_to_s011,25,39,S007C001P025R001A039_rgb.avi,S011C002P025R002A039_rgb.avi,7,11
pool_a_s007_to_s011,25,40,S007C001P025R001A040_rgb.avi,S011C002P025R002A040_rgb.avi,7,11
pool_a_s007_to_s011,25,41,S007C001P025R001A041_rgb.avi,S011C002P025R002A041_rgb.avi,7,11
pool_a_s007_to_s011,25,42,S007C001P025R001A042_rgb.avi,S011C002P025R002A042_rgb.avi,7,11
pool_a_s007_to_s011,25,43,S007C001P025R001A043_rgb.avi,S011C002P025R002A043_rgb.avi,7,11
pool_a_s007_to_s011,25,44,S007C001P025R001A044_rgb.avi,S011C002P025R002A044_rgb.avi,7,11
pool_a_s007_to_s011,25,45,S007C001P025R001A045_rgb.avi,S011C002P025R002A045_rgb.avi,7,11
pool_a_s007_to_s011,25,46,S007C001P025R001A046_rgb.avi,S011C002P025R002A046_rgb.avi,7,11
pool_a_s007_to_s011,25,47,S007C001P025R001A047_rgb.avi,S011C002P025R002A047_rgb.avi,7,11
pool_a_s007_to_s011,25,48,S007C001P025R001A048_rgb.avi,S011C002P025R002A048_rgb.avi,7,11
pool_a_s007_to_s011,25,49,S007C001P025R001A049_rgb.avi,S011C002P025R002A049_rgb.avi,7,11
pool_a_s007_to_s011,25,50,S007C001P025R001A050_rgb.avi,S011C002P025R002A050_rgb.avi,7,11
pool_a_s007_to_s011,25,51,S007C001P025R001A051_rgb.avi,S011C002P025R002A051_rgb.avi,7,11
pool_a_s007_to_s011,25,52,S007C001P025R001A052_rgb.avi,S011C002P025R002A052_rgb.avi,7,11
pool_a_s007_to_s011,25,53,S007C001P025R001A053_rgb.avi,S011C002P025R002A053_rgb.avi,7,11
pool_a_s007_to_s011,25,54,S007C001P025R001A054_rgb.avi,S011C002P025R002A054_rgb.avi,7,11
pool_a_s007_to_s011,25,55,S007C001P025R001A055_rgb.avi,S011C002P025R002A055_rgb.avi,7,11
pool_a_s007_to_s011,25,56,S007C001P025R001A056_rgb.avi,S011C002P025R002A056_rgb.avi,7,11
pool_a_s007_to_s011,25,57,S007C001P025R001A057_rgb.avi,S011C002P025R002A057_rgb.avi,7,11
pool_a_s007_to_s011,25,58,S007C001P025R001A058_rgb.avi,S011C002P025R002A058_rgb.avi,7,11
pool_a_s007_to_s011,25,59,S007C001P025R001A059_rgb.avi,S011C002P025R002A059_rgb.avi,7,11
pool_a_s007_to_s011,25,60,S007C001P025R001A060_rgb.avi,S011C002P025R002A060_rgb.avi,7,11
pool_a_s007_to_s011,27,1,S007C001P027R001A001_rgb.avi,S011C002P027R002A001_rgb.avi,7,11
pool_a_s007_to_s011,27,2,S007C001P027R001A002_rgb.avi,S011C002P027R002A002_rgb.avi,7,11
pool_a_s007_to_s011,27,3,S007C001P027R001A003_rgb.avi,S011C002P027R002A003_rgb.avi,7,11
pool_a_s007_to_s011,27,4,S007C001P027R001A004_rgb.avi,S011C002P027R002A004_rgb.avi,7,11
pool_a_s007_to_s011,27,5,S007C001P027R001A005_rgb.avi,S011C002P027R002A005_rgb.avi,7,11
pool_a_s007_to_s011,27,6,S007C001P027R001A006_rgb.avi,S011C002P027R002A006_rgb.avi,7,11
pool_a_s007_to_s011,27,7,S007C001P027R001A007_rgb.avi,S011C002P027R002A007_rgb.avi,7,11
pool_a_s007_to_s011,27,8,S007C001P027R001A008_rgb.avi,S011C002P027R002A008_rgb.avi,7,11
pool_a_s007_to_s011,27,9,S007C001P027R001A009_rgb.avi,S011C002P027R002A009_rgb.avi,7,11
pool_a_s007_to_s011,27,10,S007C001P027R001A010_rgb.avi,S011C002P027R002A010_rgb.avi,7,11
pool_a_s007_to_s011,27,11,S007C001P027R001A011_rgb.avi,S011C002P027R002A011_rgb.avi,7,11
pool_a_s007_to_s011,27,12,S007C001P027R001A012_rgb.avi,S011C002P027R002A012_rgb.avi,7,11
pool_a_s007_to_s011,27,13,S007C001P027R001A013_rgb.avi,S011C002P027R002A013_rgb.avi,7,11
pool_a_s007_to_s011,27,14,S007C001P027R001A014_rgb.avi,S011C002P027R002A014_rgb.avi,7,11
pool_a_s007_to_s011,27,15,S007C001P027R001A015_rgb.avi,S011C002P027R002A015_rgb.avi,7,11
pool_a_s007_to_s011,27,16,S007C001P027R001A016_rgb.avi,S011C002P027R002A016_rgb.avi,7,11
pool_a_s007_to_s011,27,17,S007C001P027R001A017_rgb.avi,S011C002P027R002A017_rgb.avi,7,11
pool_a_s007_to_s011,27,18,S007C001P027R001A018_rgb.avi,S011C002P027R002A018_rgb.avi,7,11
pool_a_s007_to_s011,27,19,S007C001P027R001A019_rgb.avi,S011C002P027R002A019_rgb.avi,7,11
pool_a_s007_to_s011,27,20,S007C001P027R001A020_rgb.avi,S011C002P027R002A020_rgb.avi,7,11
pool_a_s007_to_s011,27,21,S007C001P027R001A021_rgb.avi,S011C002P027R002A021_rgb.avi,7,11
pool_a_s007_to_s011,27,22,S007C001P027R001A022_rgb.avi,S011C002P027R002A022_rgb.avi,7,11
pool_a_s007_to_s011,27,23,S007C001P027R001A023_rgb.avi,S011C002P027R002A023_rgb.avi,7,11
pool_a_s007_to_s011,27,24,S007C001P027R001A024_rgb.avi,S011C002P027R002A024_rgb.avi,7,11
pool_a_s007_to_s011,27,25,S007C001P027R001A025_rgb.avi,S011C002P027R002A025_rgb.avi,7,11
pool_a_s007_to_s011,27,26,S007C001P027R001A026_rgb.avi,S011C002P027R002A026_rgb.avi,7,11
pool_a_s007_to_s011,27,27,S007C001P027R001A027_rgb.avi,S011C002P027R002A027_rgb.avi,7,11
pool_a_s007_to_s011,27,28,S007C001P027R001A028_rgb.avi,S011C002P027R002A028_rgb.avi,7,11
pool_a_s007_to_s011,27,29,S007C001P027R001A029_rgb.avi,S011C002P027R002A029_rgb.avi,7,11
pool_a_s007_to_s011,27,30,S007C001P027R001A030_rgb.avi,S011C002P027R002A030_rgb.avi,7,11
pool_a_s007_to_s011,27,31,S007C001P027R001A031_rgb.avi,S011C002P027R002A031_rgb.avi,7,11
pool_a_s007_to_s011,27,32,S007C001P027R001A032_rgb.avi,S011C002P027R002A032_rgb.avi,7,11
pool_a_s007_to_s011,27,33,S007C001P027R001A033_rgb.avi,S011C002P027R002A033_rgb.avi,7,11
pool_a_s007_to_s011,27,34,S007C001P027R001A034_rgb.avi,S011C002P027R002A034_rgb.avi,7,11
pool_a_s007_to_s011,27,35,S007C001P027R001A035_rgb.avi,S011C002P027R002A035_rgb.avi,7,11
pool_a_s007_to_s011,27,36,S007C001P027R001A036_rgb.avi,S011C002P027R002A036_rgb.avi,7,11
pool_a_s007_to_s011,27,37,S007C001P027R001A037_rgb.avi,S011C002P027R002A037_rgb.avi,7,11
pool_a_s007_to_s011,27,38,S007C001P027R001A038_rgb.avi,S011C002P027R002A038_rgb.avi,7,11
pool_a_s007_to_s011,27,39,S007C001P027R001A039_rgb.avi,S011C002P027R002A039_rgb.avi,7,11
pool_a_s007_to_s011,27,40,S007C001P027R001A040_rgb.avi,S011C002P027R002A040_rgb.avi,7,11
pool_a_s007_to_s011,27,41,S007C001P027R001A041_rgb.avi,S011C002P027R002A041_rgb.avi,7,11
pool_a_s007_to_s011,27,42,S007C001P027R001A042_rgb.avi,S011C002P027R002A042_rgb.avi,7,11
pool_a_s007_to_s011,27,43,S007C001P027R001A043_rgb.avi,S011C002P027R002A043_rgb.avi,7,11
pool_a_s007_to_s011,27,44,S007C001P027R001A044_rgb.avi,S011C002P027R002A044_rgb.avi,7,11
pool_a_s007_to_s011,27,45,S007C001P027R001A045_rgb.avi,S011C002P027R002A045_rgb.avi,7,11
pool_a_s007_to_s011,27,46,S007C001P027R001A046_rgb.avi,S011C002P027R002A046_rgb.avi,7,11
pool_a_s007_to_s011,27,47,S007C001P027R001A047_rgb.avi,S011C002P027R002A047_rgb.avi,7,11
pool_a_s007_to_s011,27,48,S007C001P027R001A048_rgb.avi,S011C002P027R002A048_rgb.avi,7,11
pool_a_s007_to_s011,27,49,S007C001P027R001A049_rgb.avi,S011C002P027R002A049_rgb.avi,7,11
pool_a_s007_to_s011,27,50,S007C001P027R001A050_rgb.avi,S011C002P027R002A050_rgb.avi,7,11
pool_a_s007_to_s011,27,51,S007C001P027R001A051_rgb.avi,S011C002P027R002A051_rgb.avi,7,11
pool_a_s007_to_s011,27,52,S007C001P027R001A052_rgb.avi,S011C002P027R002A052_rgb.avi,7,11
pool_a_s007_to_s011,27,53,S007C001P027R001A053_rgb.avi,S011C002P027R002A053_rgb.avi,7,11
pool_a_s007_to_s011,27,54,S007C001P027R001A054_rgb.avi,S011C002P027R002A054_rgb.avi,7,11
pool_a_s007_to_s011,27,55,S007C001P027R001A055_rgb.avi,S011C002P027R002A055_rgb.avi,7,11
pool_a_s007_to_s011,27,56,S007C001P027R001A056_rgb.avi,S011C002P027R002A056_rgb.avi,7,11
pool_a_s007_to_s011,27,57,S007C001P027R001A057_rgb.avi,S011C002P027R002A057_rgb.avi,7,11
pool_a_s007_to_s011,27,58,S007C001P027R001A058_rgb.avi,S011C002P027R002A058_rgb.avi,7,11
pool_a_s007_to_s011,27,59,S007C001P027R001A059_rgb.avi,S011C002P027R002A059_rgb.avi,7,11
pool_a_s007_to_s011,27,60,S007C001P027R001A060_rgb.avi,S011C002P027R002A060_rgb.avi,7,11
pool_a_s007_to_s011,28,1,S007C001P028R001A001_rgb.avi,S011C002P028R002A001_rgb.avi,7,11
pool_a_s007_to_s011,28,2,S007C001P028R001A002_rgb.avi,S011C002P028R002A002_rgb.avi,7,11
pool_a_s007_to_s011,28,3,S007C001P028R001A003_rgb.avi,S011C002P028R002A003_rgb.avi,7,11
pool_a_s007_to_s011,28,4,S007C001P028R001A004_rgb.avi,S011C002P028R002A004_rgb.avi,7,11
pool_a_s007_to_s011,28,5,S007C001P028R001A005_rgb.avi,S011C002P028R002A005_rgb.avi,7,11
pool_a_s007_to_s011,28,6,S007C001P028R001A006_rgb.avi,S011C002P028R002A006_rgb.avi,7,11
pool_a_s007_to_s011,28,7,S007C001P028R001A007_rgb.avi,S011C002P028R002A007_rgb.avi,7,11
pool_a_s007_to_s011,28,8,S007C001P028R001A008_rgb.avi,S011C002P028R002A008_rgb.avi,7,11
pool_a_s007_to_s011,28,9,S007C001P028R001A009_rgb.avi,S011C002P028R002A009_rgb.avi,7,11
pool_a_s007_to_s011,28,10,S007C001P028R001A010_rgb.avi,S011C002P028R002A010_rgb.avi,7,11
pool_a_s007_to_s011,28,11,S007C001P028R001A011_rgb.avi,S011C002P028R002A011_rgb.avi,7,11
pool_a_s007_to_s011,28,12,S007C001P028R001A012_rgb.avi,S011C002P028R002A012_rgb.avi,7,11
pool_a_s007_to_s011,28,13,S007C001P028R001A013_rgb.avi,S011C002P028R002A013_rgb.avi,7,11
pool_a_s007_to_s011,28,14,S007C001P028R001A014_rgb.avi,S011C002P028R002A014_rgb.avi,7,11
pool_a_s007_to_s011,28,15,S007C001P028R001A015_rgb.avi,S011C002P028R002A015_rgb.avi,7,11
pool_a_s007_to_s011,28,16,S007C001P028R001A016_rgb.avi,S011C002P028R002A016_rgb.avi,7,11
pool_a_s007_to_s011,28,17,S007C001P028R001A017_rgb.avi,S011C002P028R002A017_rgb.avi,7,11
pool_a_s007_to_s011,28,18,S007C001P028R001A018_rgb.avi,S011C002P028R002A018_rgb.avi,7,11
pool_a_s007_to_s011,28,19,S007C001P028R001A019_rgb.avi,S011C002P028R002A019_rgb.avi,7,11
pool_a_s007_to_s011,28,20,S007C001P028R001A020_rgb.avi,S011C002P028R002A020_rgb.avi,7,11
pool_a_s007_to_s011,28,21,S007C001P028R001A021_rgb.avi,S011C002P028R002A021_rgb.avi,7,11
pool_a_s007_to_s011,28,22,S007C001P028R001A022_rgb.avi,S011C002P028R002A022_rgb.avi,7,11
pool_a_s007_to_s011,28,23,S007C001P028R001A023_rgb.avi,S011C002P028R002A023_rgb.avi,7,11
pool_a_s007_to_s011,28,24,S007C001P028R001A024_rgb.avi,S011C002P028R002A024_rgb.avi,7,11
pool_a_s007_to_s011,28,25,S007C001P028R001A025_rgb.avi,S011C002P028R002A025_rgb.avi,7,11
pool_a_s007_to_s011,28,26,S007C001P028R001A026_rgb.avi,S011C002P028R002A026_rgb.avi,7,11
pool_a_s007_to_s011,28,27,S007C001P028R001A027_rgb.avi,S011C002P028R002A027_rgb.avi,7,11
pool_a_s007_to_s011,28,28,S007C001P028R001A028_rgb.avi,S011C002P028R002A028_rgb.avi,7,11
pool_a_s007_to_s011,28,29,S007C001P028R001A029_rgb.avi,S011C002P028R002A029_rgb.avi,7,11
pool_a_s007_to_s011,28,30,S007C001P028R001A030_rgb.avi,S011C002P028R002A030_rgb.avi,7,11
pool_a_s007_to_s011,28,31,S007C001P028R001A031_rgb.avi,S011C002P028R002A031_rgb.avi,7,11
pool_a_s007_to_s011,28,32,S007C001P028R001A032_rgb.avi,S011C002P028R002A032_rgb.avi,7,11
pool_a_s007_to_s011,28,33,S007C001P028R001A033_rgb.avi,S011C002P028R002A033_rgb.avi,7,11
pool_a_s007_to_s011,28,34,S007C001P028R001A034_rgb.avi,S011C002P028R002A034_rgb.avi,7,11
pool_a_s007_to_s011,28,35,S007C001P028R001A035_rgb.avi,S011C002P028R002A035_rgb.avi,7,11
pool_a_s007_to_s011,28,36,S007C001P028R001A036_rgb.avi,S011C002P028R002A036_rgb.avi,7,11
pool_a_s007_to_s011,28,37,S007C001P028R001A037_rgb.avi,S011C002P028R002A037_rgb.avi,7,11
pool_a_s007_to_s011,28,38,S007C001P028R001A038_rgb.avi,S011C002P028R002A038_rgb.avi,7,11
pool_a_s007_to_s011,28,39,S007C001P028R001A039_rgb.avi,S011C002P028R002A039_rgb.avi,7,11
pool_a_s007_to_s011,28,40,S007C001P028R001A040_rgb.avi,S011C002P028R002A040_rgb.avi,7,11
pool_a_s007_to_s011,28,41,S007C001P028R001A041_rgb.avi,S011C002P028R002A041_rgb.avi,7,11
pool_a_s007_to_s011,28,42,S007C001P028R001A042_rgb.avi,S011C002P028R002A042_rgb.avi,7,11
pool_a_s007_to_s011,28,43,S007C001P028R001A043_rgb.avi,S011C002P028R002A043_rgb.avi,7,11
pool_a_s007_to_s011,28,44,S007C001P028R001A044_rgb.avi,S011C002P028R002A044_rgb.avi,7,11
pool_a_s007_to_s011,28,45,S007C001P028R001A045_rgb.avi,S011C002P028R002A045_rgb.avi,7,11
pool_a_s007_to_s011,28,46,S007C001P028R001A046_rgb.avi,S011C002P028R002A046_rgb.avi,7,11
pool_a_s007_to_s011,28,47,S007C001P028R001A047_rgb.avi,S011C002P028R002A047_rgb.avi,7,11
pool_a_s007_to_s011,28,48,S007C001P028R001A048_rgb.avi,S011C002P028R002A048_rgb.avi,7,11
pool_a_s007_to_s011,28,49,S007C001P028R001A049_rgb.avi,S011C002P028R002A049_rgb.avi,7,11
pool_a_s007_to_s011,28,50,S007C001P028R001A050_rgb.avi,S011C002P028R002A050_rgb.avi,7,11
pool_a_s007_to_s011,28,51,S007C001P028R001A051_rgb.avi,S011C002P028R002A051_rgb.avi,7,11
pool_a_s007_to_s011,28,52,S007C001P028R001A052_rgb.avi,S011C002P028R002A052_rgb.avi,7,11
pool_a_s007_to_s011,28,53,S007C001P028R001A053_rgb.avi,S011C002P028R002A053_rgb.avi,7,11
pool_a_s007_to_s011,28,54,S007C001P028R001A054_rgb.avi,S011C002P028R002A054_rgb.avi,7,11
pool_a_s007_to_s011,28,55,S007C001P028R001A055_rgb.avi,S011C002P028R002A055_rgb.avi,7,11
pool_a_s007_to_s011,28,56,S007C001P028R001A056_rgb.avi,S011C002P028R002A056_rgb.avi,7,11
pool_a_s007_to_s011,28,57,S007C001P028R001A057_rgb.avi,S011C002P028R002A057_rgb.avi,7,11
pool_a_s007_to_s011,28,58,S007C001P028R001A058_rgb.avi,S011C002P028R002A058_rgb.avi,7,11
pool_a_s007_to_s011,28,59,S007C001P028R001A059_rgb.avi,S011C002P028R002A059_rgb.avi,7,11
pool_a_s007_to_s011,28,60,S007C001P028R001A060_rgb.avi,S011C002P028R002A060_rgb.avi,7,11
pool_b_s029_to_s030,8,61,S029C001P008R001A061_rgb.avi,S030C002P008R002A061_rgb.avi,29,30
pool_b_s029_to_s030,8,62,S029C001P008R001A062_rgb.avi,S030C002P008R002A062_rgb.avi,29,30
pool_b_s029_to_s030,8,63,S029C001P008R001A063_rgb.avi,S030C002P008R002A063_rgb.avi,29,30
pool_b_s029_to_s030,8,64,S029C001P008R001A064_rgb.avi,S030C002P008R002A064_rgb.avi,29,30
pool_b_s029_to_s030,8,65,S029C001P008R001A065_rgb.avi,S030C002P008R002A065_rgb.avi,29,30
pool_b_s029_to_s030,8,66,S029C001P008R001A066_rgb.avi,S030C002P008R002A066_rgb.avi,29,30
pool_b_s029_to_s030,8,67,S029C001P008R001A067_rgb.avi,S030C002P008R002A067_rgb.avi,29,30
pool_b_s029_to_s030,8,68,S029C001P008R001A068_rgb.avi,S030C002P008R002A068_rgb.avi,29,30
pool_b_s029_to_s030,8,69,S029C001P008R001A069_rgb.avi,S030C002P008R002A069_rgb.avi,29,30
pool_b_s029_to_s030,8,70,S029C001P008R001A070_rgb.avi,S030C002P008R002A070_rgb.avi,29,30
pool_b_s029_to_s030,8,71,S029C001P008R001A071_rgb.avi,S030C002P008R002A071_rgb.avi,29,30
pool_b_s029_to_s030,8,72,S029C001P008R001A072_rgb.avi,S030C002P008R002A072_rgb.avi,29,30
pool_b_s029_to_s030,8,73,S029C001P008R001A073_rgb.avi,S030C002P008R002A073_rgb.avi,29,30
pool_b_s029_to_s030,8,74,S029C001P008R001A074_rgb.avi,S030C002P008R002A074_rgb.avi,29,30
pool_b_s029_to_s030,8,75,S029C001P008R001A075_rgb.avi,S030C002P008R002A075_rgb.avi,29,30
pool_b_s029_to_s030,8,76,S029C001P008R001A076_rgb.avi,S030C002P008R002A076_rgb.avi,29,30
pool_b_s029_to_s030,8,77,S029C001P008R001A077_rgb.avi,S030C002P008R002A077_rgb.avi,29,30
pool_b_s029_to_s030,8,78,S029C001P008R001A078_rgb.avi,S030C002P008R002A078_rgb.avi,29,30
pool_b_s029_to_s030,8,79,S029C001P008R001A079_rgb.avi,S030C002P008R002A079_rgb.avi,29,30
pool_b_s029_to_s030,8,80,S029C001P008R001A080_rgb.avi,S030C002P008R002A080_rgb.avi,29,30
pool_b_s029_to_s030,8,81,S029C001P008R001A081_rgb.avi,S030C002P008R002A081_rgb.avi,29,30
pool_b_s029_to_s030,8,82,S029C001P008R001A082_rgb.avi,S030C002P008R002A082_rgb.avi,29,30
pool_b_s029_to_s030,8,83,S029C001P008R001A083_rgb.avi,S030C002P008R002A083_rgb.avi,29,30
pool_b_s029_to_s030,8,84,S029C001P008R001A084_rgb.avi,S030C002P008R002A084_rgb.avi,29,30
pool_b_s029_to_s030,8,85,S029C001P008R001A085_rgb.avi,S030C002P008R002A085_rgb.avi,29,30
pool_b_s029_to_s030,8,86,S029C001P008R001A086_rgb.avi,S030C002P008R002A086_rgb.avi,29,30
pool_b_s029_to_s030,8,87,S029C001P008R001A087_rgb.avi,S030C002P008R002A087_rgb.avi,29,30
pool_b_s029_to_s030,8,88,S029C001P008R001A088_rgb.avi,S030C002P008R002A088_rgb.avi,29,30
pool_b_s029_to_s030,8,89,S029C001P008R001A089_rgb.avi,S030C002P008R002A089_rgb.avi,29,30
pool_b_s029_to_s030,8,90,S029C001P008R001A090_rgb.avi,S030C002P008R002A090_rgb.avi,29,30
pool_b_s029_to_s030,8,91,S029C001P008R001A091_rgb.avi,S030C002P008R002A091_rgb.avi,29,30
pool_b_s029_to_s030,8,92,S029C001P008R001A092_rgb.avi,S030C002P008R002A092_rgb.avi,29,30
pool_b_s029_to_s030,8,93,S029C001P008R001A093_rgb.avi,S030C002P008R002A093_rgb.avi,29,30
pool_b_s029_to_s030,8,94,S029C001P008R001A094_rgb.avi,S030C002P008R002A094_rgb.avi,29,30
pool_b_s029_to_s030,8,95,S029C001P008R001A095_rgb.avi,S030C002P008R002A095_rgb.avi,29,30
pool_b_s029_to_s030,8,96,S029C001P008R001A096_rgb.avi,S030C002P008R002A096_rgb.avi,29,30
pool_b_s029_to_s030,8,97,S029C001P008R001A097_rgb.avi,S030C002P008R002A097_rgb.avi,29,30
pool_b_s029_to_s030,8,98,S029C001P008R001A098_rgb.avi,S030C002P008R002A098_rgb.avi,29,30
pool_b_s029_to_s030,8,99,S029C001P008R001A099_rgb.avi,S030C002P008R002A099_rgb.avi,29,30
pool_b_s029_to_s030,8,100,S029C001P008R001A100_rgb.avi,S030C002P008R002A100_rgb.avi,29,30
pool_b_s029_to_s030,8,101,S029C001P008R001A101_rgb.avi,S030C002P008R002A101_rgb.avi,29,30
pool_b_s029_to_s030,8,102,S029C001P008R001A102_rgb.avi,S030C002P008R002A102_rgb.avi,29,30
pool_b_s029_to_s030,8,103,S029C001P008R001A103_rgb.avi,S030C002P008R002A103_rgb.avi,29,30
pool_b_s029_to_s030,8,104,S029C001P008R001A104_rgb.avi,S030C002P008R002A104_rgb.avi,29,30
pool_b_s029_to_s030,8,105,S029C001P008R001A105_rgb.avi,S030C002P008R002A105_rgb.avi,29,30
pool_b_s029_to_s030,8,106,S029C001P008R001A106_rgb.avi,S030C002P008R002A106_rgb.avi,29,30
pool_b_s029_to_s030,8,107,S029C001P008R001A107_rgb.avi,S030C002P008R002A107_rgb.avi,29,30
pool_b_s029_to_s030,8,108,S029C001P008R001A108_rgb.avi,S030C002P008R002A108_rgb.avi,29,30
pool_b_s029_to_s030,8,109,S029C001P008R001A109_rgb.avi,S030C002P008R002A109_rgb.avi,29,30
pool_b_s029_to_s030,8,110,S029C001P008R001A110_rgb.avi,S030C002P008R002A110_rgb.avi,29,30
pool_b_s029_to_s030,8,111,S029C001P008R001A111_rgb.avi,S030C002P008R002A111_rgb.avi,29,30
pool_b_s029_to_s030,8,112,S029C001P008R001A112_rgb.avi,S030C002P008R002A112_rgb.avi,29,30
pool_b_s029_to_s030,8,113,S029C001P008R001A113_rgb.avi,S030C002P008R002A113_rgb.avi,29,30
pool_b_s029_to_s030,8,114,S029C001P008R001A114_rgb.avi,S030C002P008R002A114_rgb.avi,29,30
pool_b_s029_to_s030,8,115,S029C001P008R001A115_rgb.avi,S030C002P008R002A115_rgb.avi,29,30
pool_b_s029_to_s030,8,116,S029C001P008R001A116_rgb.avi,S030C002P008R002A116_rgb.avi,29,30
pool_b_s029_to_s030,8,117,S029C001P008R001A117_rgb.avi,S030C002P008R002A117_rgb.avi,29,30
pool_b_s029_to_s030,8,118,S029C001P008R001A118_rgb.avi,S030C002P008R002A118_rgb.avi,29,30
pool_b_s029_to_s030,8,119,S029C001P008R001A119_rgb.avi,S030C002P008R002A119_rgb.avi,29,30
pool_b_s029_to_s030,8,120,S029C001P008R001A120_rgb.avi,S030C002P008R002A120_rgb.avi,29,30
pool_b_s029_to_s030,41,61,S029C001P041R001A061_rgb.avi,S030C002P041R002A061_rgb.avi,29,30
pool_b_s029_to_s030,41,62,S029C001P041R001A062_rgb.avi,S030C002P041R002A062_rgb.avi,29,30
pool_b_s029_to_s030,41,63,S029C001P041R001A063_rgb.avi,S030C002P041R002A063_rgb.avi,29,30
pool_b_s029_to_s030,41,64,S029C001P041R001A064_rgb.avi,S030C002P041R002A064_rgb.avi,29,30
pool_b_s029_to_s030,41,65,S029C001P041R001A065_rgb.avi,S030C002P041R002A065_rgb.avi,29,30
pool_b_s029_to_s030,41,66,S029C001P041R001A066_rgb.avi,S030C002P041R002A066_rgb.avi,29,30
pool_b_s029_to_s030,41,67,S029C001P041R001A067_rgb.avi,S030C002P041R002A067_rgb.avi,29,30
pool_b_s029_to_s030,41,68,S029C001P041R001A068_rgb.avi,S030C002P041R002A068_rgb.avi,29,30
pool_b_s029_to_s030,41,69,S029C001P041R001A069_rgb.avi,S030C002P041R002A069_rgb.avi,29,30
pool_b_s029_to_s030,41,70,S029C001P041R001A070_rgb.avi,S030C002P041R002A070_rgb.avi,29,30
pool_b_s029_to_s030,41,71,S029C001P041R001A071_rgb.avi,S030C002P041R002A071_rgb.avi,29,30
pool_b_s029_to_s030,41,72,S029C001P041R001A072_rgb.avi,S030C002P041R002A072_rgb.avi,29,30
pool_b_s029_to_s030,41,73,S029C001P041R001A073_rgb.avi,S030C002P041R002A073_rgb.avi,29,30
pool_b_s029_to_s030,41,74,S029C001P041R001A074_rgb.avi,S030C002P041R002A074_rgb.avi,29,30
pool_b_s029_to_s030,41,75,S029C001P041R001A075_rgb.avi,S030C002P041R002A075_rgb.avi,29,30
pool_b_s029_to_s030,41,76,S029C001P041R001A076_rgb.avi,S030C002P041R002A076_rgb.avi,29,30
pool_b_s029_to_s030,41,77,S029C001P041R001A077_rgb.avi,S030C002P041R002A077_rgb.avi,29,30
pool_b_s029_to_s030,41,78,S029C001P041R001A078_rgb.avi,S030C002P041R002A078_rgb.avi,29,30
pool_b_s029_to_s030,41,79,S029C001P041R001A079_rgb.avi,S030C002P041R002A079_rgb.avi,29,30
pool_b_s029_to_s030,41,80,S029C001P041R001A080_rgb.avi,S030C002P041R002A080_rgb.avi,29,30
pool_b_s029_to_s030,41,81,S029C001P041R001A081_rgb.avi,S030C002P041R002A081_rgb.avi,29,30
pool_b_s029_to_s030,41,82,S029C001P041R001A082_rgb.avi,S030C002P041R002A082_rgb.avi,29,30
pool_b_s029_to_s030,41,83,S029C001P041R001A083_rgb.avi,S030C002P041R002A083_rgb.avi,29,30
pool_b_s029_to_s030,41,84,S029C001P041R001A084_rgb.avi,S030C002P041R002A084_rgb.avi,29,30
pool_b_s029_to_s030,41,85,S029C001P041R001A085_rgb.avi,S030C002P041R002A085_rgb.avi,29,30
pool_b_s029_to_s030,41,86,S029C001P041R001A086_rgb.avi,S030C002P041R002A086_rgb.avi,29,30
pool_b_s029_to_s030,41,87,S029C001P041R001A087_rgb.avi,S030C002P041R002A087_rgb.avi,29,30
pool_b_s029_to_s030,41,88,S029C001P041R001A088_rgb.avi,S030C002P041R002A088_rgb.avi,29,30
pool_b_s029_to_s030,41,89,S029C001P041R001A089_rgb.avi,S030C002P041R002A089_rgb.avi,29,30
pool_b_s029_to_s030,41,90,S029C001P041R001A090_rgb.avi,S030C002P041R002A090_rgb.avi,29,30
pool_b_s029_to_s030,41,91,S029C001P041R001A091_rgb.avi,S030C002P041R002A091_rgb.avi,29,30
pool_b_s029_to_s030,41,92,S029C001P041R001A092_rgb.avi,S030C002P041R002A092_rgb.avi,29,30
pool_b_s029_to_s030,41,93,S029C001P041R001A093_rgb.avi,S030C002P041R002A093_rgb.avi,29,30
pool_b_s029_to_s030,41,94,S029C001P041R001A094_rgb.avi,S030C002P041R002A094_rgb.avi,29,30
pool_b_s029_to_s030,41,95,S029C001P041R001A095_rgb.avi,S030C002P041R002A095_rgb.avi,29,30
pool_b_s029_to_s030,41,96,S029C001P041R001A096_rgb.avi,S030C002P041R002A096_rgb.avi,29,30
pool_b_s029_to_s030,41,97,S029C001P041R001A097_rgb.avi,S030C002P041R002A097_rgb.avi,29,30
pool_b_s029_to_s030,41,98,S029C001P041R001A098_rgb.avi,S030C002P041R002A098_rgb.avi,29,30
pool_b_s029_to_s030,41,99,S029C001P041R001A099_rgb.avi,S030C002P041R002A099_rgb.avi,29,30
pool_b_s029_to_s030,41,100,S029C001P041R001A100_rgb.avi,S030C002P041R002A100_rgb.avi,29,30
pool_b_s029_to_s030,41,101,S029C001P041R001A101_rgb.avi,S030C002P041R002A101_rgb.avi,29,30
pool_b_s029_to_s030,41,102,S029C001P041R001A102_rgb.avi,S030C002P041R002A102_rgb.avi,29,30
pool_b_s029_to_s030,41,103,S029C001P041R001A103_rgb.avi,S030C002P041R002A103_rgb.avi,29,30
pool_b_s029_to_s030,41,104,S029C001P041R001A104_rgb.avi,S030C002P041R002A104_rgb.avi,29,30
pool_b_s029_to_s030,41,105,S029C001P041R001A105_rgb.avi,S030C002P041R002A105_rgb.avi,29,30
pool_b_s029_to_s030,41,106,S029C001P041R001A106_rgb.avi,S030C002P041R002A106_rgb.avi,29,30
pool_b_s029_to_s030,41,107,S029C001P041R001A107_rgb.avi,S030C002P041R002A107_rgb.avi,29,30
pool_b_s029_to_s030,41,108,S029C001P041R001A108_rgb.avi,S030C002P041R002A108_rgb.avi,29,30
pool_b_s029_to_s030,41,109,S029C001P041R001A109_rgb.avi,S030C002P041R002A109_rgb.avi,29,30
pool_b_s029_to_s030,41,110,S029C001P041R001A110_rgb.avi,S030C002P041R002A110_rgb.avi,29,30
pool_b_s029_to_s030,41,111,S029C001P041R001A111_rgb.avi,S030C002P041R002A111_rgb.avi,29,30
pool_b_s029_to_s030,41,112,S029C001P041R001A112_rgb.avi,S030C002P041R002A112_rgb.avi,29,30
pool_b_s029_to_s030,41,113,S029C001P041R001A113_rgb.avi,S030C002P041R002A113_rgb.avi,29,30
pool_b_s029_to_s030,41,114,S029C001P041R001A114_rgb.avi,S030C002P041R002A114_rgb.avi,29,30
pool_b_s029_to_s030,41,115,S029C001P041R001A115_rgb.avi,S030C002P041R002A115_rgb.avi,29,30
pool_b_s029_to_s030,41,116,S029C001P041R001A116_rgb.avi,S030C002P041R002A116_rgb.avi,29,30
pool_b_s029_to_s030,41,117,S029C001P041R001A117_rgb.avi,S030C002P041R002A117_rgb.avi,29,30
pool_b_s029_to_s030,41,118,S029C001P041R001A118_rgb.avi,S030C002P041R002A118_rgb.avi,29,30
pool_b_s029_to_s030,41,119,S029C001P041R001A119_rgb.avi,S030C002P041R002A119_rgb.avi,29,30
pool_b_s029_to_s030,41,120,S029C001P041R001A120_rgb.avi,S030C002P041R002A120_rgb.avi,29,30
pool_b_s029_to_s030,43,61,S029C001P043R001A061_rgb.avi,S030C002P043R002A061_rgb.avi,29,30
pool_b_s029_to_s030,43,62,S029C001P043R001A062_rgb.avi,S030C002P043R002A062_rgb.avi,29,30
pool_b_s029_to_s030,43,63,S029C001P043R001A063_rgb.avi,S030C002P043R002A063_rgb.avi,29,30
pool_b_s029_to_s030,43,64,S029C001P043R001A064_rgb.avi,S030C002P043R002A064_rgb.avi,29,30
pool_b_s029_to_s030,43,65,S029C001P043R001A065_rgb.avi,S030C002P043R002A065_rgb.avi,29,30
pool_b_s029_to_s030,43,66,S029C001P043R001A066_rgb.avi,S030C002P043R002A066_rgb.avi,29,30
pool_b_s029_to_s030,43,67,S029C001P043R001A067_rgb.avi,S030C002P043R002A067_rgb.avi,29,30
pool_b_s029_to_s030,43,68,S029C001P043R001A068_rgb.avi,S030C002P043R002A068_rgb.avi,29,30
pool_b_s029_to_s030,43,69,S029C001P043R001A069_rgb.avi,S030C002P043R002A069_rgb.avi,29,30
pool_b_s029_to_s030,43,70,S029C001P043R001A070_rgb.avi,S030C002P043R002A070_rgb.avi,29,30
pool_b_s029_to_s030,43,71,S029C001P043R001A071_rgb.avi,S030C002P043R002A071_rgb.avi,29,30
pool_b_s029_to_s030,43,72,S029C001P043R001A072_rgb.avi,S030C002P043R002A072_rgb.avi,29,30
pool_b_s029_to_s030,43,73,S029C001P043R001A073_rgb.avi,S030C002P043R002A073_rgb.avi,29,30
pool_b_s029_to_s030,43,74,S029C001P043R001A074_rgb.avi,S030C002P043R002A074_rgb.avi,29,30
pool_b_s029_to_s030,43,75,S029C001P043R001A075_rgb.avi,S030C002P043R002A075_rgb.avi,29,30
pool_b_s029_to_s030,43,76,S029C001P043R001A076_rgb.avi,S030C002P043R002A076_rgb.avi,29,30
pool_b_s029_to_s030,43,77,S029C001P043R001A077_rgb.avi,S030C002P043R002A077_rgb.avi,29,30
pool_b_s029_to_s030,43,78,S029C001P043R001A078_rgb.avi,S030C002P043R002A078_rgb.avi,29,30
pool_b_s029_to_s030,43,79,S029C001P043R001A079_rgb.avi,S030C002P043R002A079_rgb.avi,29,30
pool_b_s029_to_s030,43,80,S029C001P043R001A080_rgb.avi,S030C002P043R002A080_rgb.avi,29,30
pool_b_s029_to_s030,43,81,S029C001P043R001A081_rgb.avi,S030C002P043R002A081_rgb.avi,29,30
pool_b_s029_to_s030,43,82,S029C001P043R001A082_rgb.avi,S030C002P043R002A082_rgb.avi,29,30
pool_b_s029_to_s030,43,83,S029C001P043R001A083_rgb.avi,S030C002P043R002A083_rgb.avi,29,30
pool_b_s029_to_s030,43,84,S029C001P043R001A084_rgb.avi,S030C002P043R002A084_rgb.avi,29,30
pool_b_s029_to_s030,43,85,S029C001P043R001A085_rgb.avi,S030C002P043R002A085_rgb.avi,29,30
pool_b_s029_to_s030,43,86,S029C001P043R001A086_rgb.avi,S030C002P043R002A086_rgb.avi,29,30
pool_b_s029_to_s030,43,87,S029C001P043R001A087_rgb.avi,S030C002P043R002A087_rgb.avi,29,30
pool_b_s029_to_s030,43,88,S029C001P043R001A088_rgb.avi,S030C002P043R002A088_rgb.avi,29,30
pool_b_s029_to_s030,43,89,S029C001P043R001A089_rgb.avi,S030C002P043R002A089_rgb.avi,29,30
pool_b_s029_to_s030,43,90,S029C001P043R001A090_rgb.avi,S030C002P043R002A090_rgb.avi,29,30
pool_b_s029_to_s030,43,91,S029C001P043R001A091_rgb.avi,S030C002P043R002A091_rgb.avi,29,30
pool_b_s029_to_s030,43,92,S029C001P043R001A092_rgb.avi,S030C002P043R002A092_rgb.avi,29,30
pool_b_s029_to_s030,43,93,S029C001P043R001A093_rgb.avi,S030C002P043R002A093_rgb.avi,29,30
pool_b_s029_to_s030,43,94,S029C001P043R001A094_rgb.avi,S030C002P043R002A094_rgb.avi,29,30
pool_b_s029_to_s030,43,95,S029C001P043R001A095_rgb.avi,S030C002P043R002A095_rgb.avi,29,30
pool_b_s029_to_s030,43,96,S029C001P043R001A096_rgb.avi,S030C002P043R002A096_rgb.avi,29,30
pool_b_s029_to_s030,43,97,S029C001P043R001A097_rgb.avi,S030C002P043R002A097_rgb.avi,29,30
pool_b_s029_to_s030,43,98,S029C001P043R001A098_rgb.avi,S030C002P043R002A098_rgb.avi,29,30
pool_b_s029_to_s030,43,99,S029C001P043R001A099_rgb.avi,S030C002P043R002A099_rgb.avi,29,30
pool_b_s029_to_s030,43,100,S029C001P043R001A100_rgb.avi,S030C002P043R002A100_rgb.avi,29,30
pool_b_s029_to_s030,43,101,S029C001P043R001A101_rgb.avi,S030C002P043R002A101_rgb.avi,29,30
pool_b_s029_to_s030,43,102,S029C001P043R001A102_rgb.avi,S030C002P043R002A102_rgb.avi,29,30
pool_b_s029_to_s030,43,103,S029C001P043R001A103_rgb.avi,S030C002P043R002A103_rgb.avi,29,30
pool_b_s029_to_s030,43,104,S029C001P043R001A104_rgb.avi,S030C002P043R002A104_rgb.avi,29,30
pool_b_s029_to_s030,43,105,S029C001P043R001A105_rgb.avi,S030C002P043R002A105_rgb.avi,29,30
pool_b_s029_to_s030,43,106,S029C001P043R001A106_rgb.avi,S030C002P043R002A106_rgb.avi,29,30
pool_b_s029_to_s030,43,107,S029C001P043R001A107_rgb.avi,S030C002P043R002A107_rgb.avi,29,30
pool_b_s029_to_s030,43,108,S029C001P043R001A108_rgb.avi,S030C002P043R002A108_rgb.avi,29,30
pool_b_s029_to_s030,43,109,S029C001P043R001A109_rgb.avi,S030C002P043R002A109_rgb.avi,29,30
pool_b_s029_to_s030,43,110,S029C001P043R001A110_rgb.avi,S030C002P043R002A110_rgb.avi,29,30
pool_b_s029_to_s030,43,111,S029C001P043R001A111_rgb.avi,S030C002P043R002A111_rgb.avi,29,30
pool_b_s029_to_s030,43,112,S029C001P043R001A112_rgb.avi,S030C002P043R002A112_rgb.avi,29,30
pool_b_s029_to_s030,43,113,S029C001P043R001A113_rgb.avi,S030C002P043R002A113_rgb.avi,29,30
pool_b_s029_to_s030,43,114,S029C001P043R001A114_rgb.avi,S030C002P043R002A114_rgb.avi,29,30
pool_b_s029_to_s030,43,115,S029C001P043R001A115_rgb.avi,S030C002P043R002A115_rgb.avi,29,30
pool_b_s029_to_s030,43,116,S029C001P043R001A116_rgb.avi,S030C002P043R002A116_rgb.avi,29,30
pool_b_s029_to_s030,43,117,S029C001P043R001A117_rgb.avi,S030C002P043R002A117_rgb.avi,29,30
pool_b_s029_to_s030,43,118,S029C001P043R001A118_rgb.avi,S030C002P043R002A118_rgb.avi,29,30
pool_b_s029_to_s030,43,119,S029C001P043R001A119_rgb.avi,S030C002P043R002A119_rgb.avi,29,30
pool_b_s029_to_s030,43,120,S029C001P043R001A120_rgb.avi,S030C002P043R002A120_rgb.avi,29,30
pool_b_s029_to_s030,44,61,S029C001P044R001A061_rgb.avi,S030C002P044R002A061_rgb.avi,29,30
pool_b_s029_to_s030,44,62,S029C001P044R001A062_rgb.avi,S030C002P044R002A062_rgb.avi,29,30
pool_b_s029_to_s030,44,63,S029C001P044R001A063_rgb.avi,S030C002P044R002A063_rgb.avi,29,30
pool_b_s029_to_s030,44,64,S029C001P044R001A064_rgb.avi,S030C002P044R002A064_rgb.avi,29,30
pool_b_s029_to_s030,44,65,S029C001P044R001A065_rgb.avi,S030C002P044R002A065_rgb.avi,29,30
pool_b_s029_to_s030,44,66,S029C001P044R001A066_rgb.avi,S030C002P044R002A066_rgb.avi,29,30
pool_b_s029_to_s030,44,67,S029C001P044R001A067_rgb.avi,S030C002P044R002A067_rgb.avi,29,30
pool_b_s029_to_s030,44,68,S029C001P044R001A068_rgb.avi,S030C002P044R002A068_rgb.avi,29,30
pool_b_s029_to_s030,44,69,S029C001P044R001A069_rgb.avi,S030C002P044R002A069_rgb.avi,29,30
pool_b_s029_to_s030,44,70,S029C001P044R001A070_rgb.avi,S030C002P044R002A070_rgb.avi,29,30
pool_b_s029_to_s030,44,71,S029C001P044R001A071_rgb.avi,S030C002P044R002A071_rgb.avi,29,30
pool_b_s029_to_s030,44,72,S029C001P044R001A072_rgb.avi,S030C002P044R002A072_rgb.avi,29,30
pool_b_s029_to_s030,44,73,S029C001P044R001A073_rgb.avi,S030C002P044R002A073_rgb.avi,29,30
pool_b_s029_to_s030,44,74,S029C001P044R001A074_rgb.avi,S030C002P044R002A074_rgb.avi,29,30
pool_b_s029_to_s030,44,75,S029C001P044R001A075_rgb.avi,S030C002P044R002A075_rgb.avi,29,30
pool_b_s029_to_s030,44,76,S029C001P044R001A076_rgb.avi,S030C002P044R002A076_rgb.avi,29,30
pool_b_s029_to_s030,44,77,S029C001P044R001A077_rgb.avi,S030C002P044R002A077_rgb.avi,29,30
pool_b_s029_to_s030,44,78,S029C001P044R001A078_rgb.avi,S030C002P044R002A078_rgb.avi,29,30
pool_b_s029_to_s030,44,79,S029C001P044R001A079_rgb.avi,S030C002P044R002A079_rgb.avi,29,30
pool_b_s029_to_s030,44,80,S029C001P044R001A080_rgb.avi,S030C002P044R002A080_rgb.avi,29,30
pool_b_s029_to_s030,44,81,S029C001P044R001A081_rgb.avi,S030C002P044R002A081_rgb.avi,29,30
pool_b_s029_to_s030,44,82,S029C001P044R001A082_rgb.avi,S030C002P044R002A082_rgb.avi,29,30
pool_b_s029_to_s030,44,83,S029C001P044R001A083_rgb.avi,S030C002P044R002A083_rgb.avi,29,30
pool_b_s029_to_s030,44,84,S029C001P044R001A084_rgb.avi,S030C002P044R002A084_rgb.avi,29,30
pool_b_s029_to_s030,44,85,S029C001P044R001A085_rgb.avi,S030C002P044R002A085_rgb.avi,29,30
pool_b_s029_to_s030,44,86,S029C001P044R001A086_rgb.avi,S030C002P044R002A086_rgb.avi,29,30
pool_b_s029_to_s030,44,87,S029C001P044R001A087_rgb.avi,S030C002P044R002A087_rgb.avi,29,30
pool_b_s029_to_s030,44,88,S029C001P044R001A088_rgb.avi,S030C002P044R002A088_rgb.avi,29,30
pool_b_s029_to_s030,44,89,S029C001P044R001A089_rgb.avi,S030C002P044R002A089_rgb.avi,29,30
pool_b_s029_to_s030,44,90,S029C001P044R001A090_rgb.avi,S030C002P044R002A090_rgb.avi,29,30
pool_b_s029_to_s030,44,91,S029C001P044R001A091_rgb.avi,S030C002P044R002A091_rgb.avi,29,30
pool_b_s029_to_s030,44,92,S029C001P044R001A092_rgb.avi,S030C002P044R002A092_rgb.avi,29,30
pool_b_s029_to_s030,44,93,S029C001P044R001A093_rgb.avi,S030C002P044R002A093_rgb.avi,29,30
pool_b_s029_to_s030,44,94,S029C001P044R001A094_rgb.avi,S030C002P044R002A094_rgb.avi,29,30
pool_b_s029_to_s030,44,95,S029C001P044R001A095_rgb.avi,S030C002P044R002A095_rgb.avi,29,30
pool_b_s029_to_s030,44,96,S029C001P044R001A096_rgb.avi,S030C002P044R002A096_rgb.avi,29,30
pool_b_s029_to_s030,44,97,S029C001P044R001A097_rgb.avi,S030C002P044R002A097_rgb.avi,29,30
pool_b_s029_to_s030,44,98,S029C001P044R001A098_rgb.avi,S030C002P044R002A098_rgb.avi,29,30
pool_b_s029_to_s030,44,99,S029C001P044R001A099_rgb.avi,S030C002P044R002A099_rgb.avi,29,30
pool_b_s029_to_s030,44,100,S029C001P044R001A100_rgb.avi,S030C002P044R002A100_rgb.avi,29,30
pool_b_s029_to_s030,44,101,S029C001P044R001A101_rgb.avi,S030C002P044R002A101_rgb.avi,29,30
pool_b_s029_to_s030,44,102,S029C001P044R001A102_rgb.avi,S030C002P044R002A102_rgb.avi,29,30
pool_b_s029_to_s030,44,103,S029C001P044R001A103_rgb.avi,S030C002P044R002A103_rgb.avi,29,30
pool_b_s029_to_s030,44,104,S029C001P044R001A104_rgb.avi,S030C002P044R002A104_rgb.avi,29,30
pool_b_s029_to_s030,44,105,S029C001P044R001A105_rgb.avi,S030C002P044R002A105_rgb.avi,29,30
pool_b_s029_to_s030,44,106,S029C001P044R001A106_rgb.avi,S030C002P044R002A106_rgb.avi,29,30
pool_b_s029_to_s030,44,107,S029C001P044R001A107_rgb.avi,S030C002P044R002A107_rgb.avi,29,30
pool_b_s029_to_s030,44,108,S029C001P044R001A108_rgb.avi,S030C002P044R002A108_rgb.avi,29,30
pool_b_s029_to_s030,44,109,S029C001P044R001A109_rgb.avi,S030C002P044R002A109_rgb.avi,29,30
pool_b_s029_to_s030,44,110,S029C001P044R001A110_rgb.avi,S030C002P044R002A110_rgb.avi,29,30
pool_b_s029_to_s030,44,111,S029C001P044R001A111_rgb.avi,S030C002P044R002A111_rgb.avi,29,30
pool_b_s029_to_s030,44,112,S029C001P044R001A112_rgb.avi,S030C002P044R002A112_rgb.avi,29,30
pool_b_s029_to_s030,44,113,S029C001P044R001A113_rgb.avi,S030C002P044R002A113_rgb.avi,29,30
pool_b_s029_to_s030,44,114,S029C001P044R001A114_rgb.avi,S030C002P044R002A114_rgb.avi,29,30
pool_b_s029_to_s030,44,115,S029C001P044R001A115_rgb.avi,S030C002P044R002A115_rgb.avi,29,30
pool_b_s029_to_s030,44,116,S029C001P044R001A116_rgb.avi,S030C002P044R002A116_rgb.avi,29,30
pool_b_s029_to_s030,44,117,S029C001P044R001A117_rgb.avi,S030C002P044R002A117_rgb.avi,29,30
pool_b_s029_to_s030,44,118,S029C001P044R001A118_rgb.avi,S030C002P044R002A118_rgb.avi,29,30
pool_b_s029_to_s030,44,119,S029C001P044R001A119_rgb.avi,S030C002P044R002A119_rgb.avi,29,30
pool_b_s029_to_s030,44,120,S029C001P044R001A120_rgb.avi,S030C002P044R002A120_rgb.avi,29,30
pool_b_s029_to_s030,48,61,S029C001P048R001A061_rgb.avi,S030C002P048R002A061_rgb.avi,29,30
pool_b_s029_to_s030,48,62,S029C001P048R001A062_rgb.avi,S030C002P048R002A062_rgb.avi,29,30
pool_b_s029_to_s030,48,63,S029C001P048R001A063_rgb.avi,S030C002P048R002A063_rgb.avi,29,30
pool_b_s029_to_s030,48,64,S029C001P048R001A064_rgb.avi,S030C002P048R002A064_rgb.avi,29,30
pool_b_s029_to_s030,48,65,S029C001P048R001A065_rgb.avi,S030C002P048R002A065_rgb.avi,29,30
pool_b_s029_to_s030,48,66,S029C001P048R001A066_rgb.avi,S030C002P048R002A066_rgb.avi,29,30
pool_b_s029_to_s030,48,67,S029C001P048R001A067_rgb.avi,S030C002P048R002A067_rgb.avi,29,30
pool_b_s029_to_s030,48,68,S029C001P048R001A068_rgb.avi,S030C002P048R002A068_rgb.avi,29,30
pool_b_s029_to_s030,48,69,S029C001P048R001A069_rgb.avi,S030C002P048R002A069_rgb.avi,29,30
pool_b_s029_to_s030,48,70,S029C001P048R001A070_rgb.avi,S030C002P048R002A070_rgb.avi,29,30
pool_b_s029_to_s030,48,71,S029C001P048R001A071_rgb.avi,S030C002P048R002A071_rgb.avi,29,30
pool_b_s029_to_s030,48,72,S029C001P048R001A072_rgb.avi,S030C002P048R002A072_rgb.avi,29,30
pool_b_s029_to_s030,48,73,S029C001P048R001A073_rgb.avi,S030C002P048R002A073_rgb.avi,29,30
pool_b_s029_to_s030,48,74,S029C001P048R001A074_rgb.avi,S030C002P048R002A074_rgb.avi,29,30
pool_b_s029_to_s030,48,75,S029C001P048R001A075_rgb.avi,S030C002P048R002A075_rgb.avi,29,30
pool_b_s029_to_s030,48,76,S029C001P048R001A076_rgb.avi,S030C002P048R002A076_rgb.avi,29,30
pool_b_s029_to_s030,48,77,S029C001P048R001A077_rgb.avi,S030C002P048R002A077_rgb.avi,29,30
pool_b_s029_to_s030,48,78,S029C001P048R001A078_rgb.avi,S030C002P048R002A078_rgb.avi,29,30
pool_b_s029_to_s030,48,79,S029C001P048R001A079_rgb.avi,S030C002P048R002A079_rgb.avi,29,30
pool_b_s029_to_s030,48,80,S029C001P048R001A080_rgb.avi,S030C002P048R002A080_rgb.avi,29,30
pool_b_s029_to_s030,48,81,S029C001P048R001A081_rgb.avi,S030C002P048R002A081_rgb.avi,29,30
pool_b_s029_to_s030,48,82,S029C001P048R001A082_rgb.avi,S030C002P048R002A082_rgb.avi,29,30
pool_b_s029_to_s030,48,83,S029C001P048R001A083_rgb.avi,S030C002P048R002A083_rgb.avi,29,30
pool_b_s029_to_s030,48,84,S029C001P048R001A084_rgb.avi,S030C002P048R002A084_rgb.avi,29,30
pool_b_s029_to_s030,48,85,S029C001P048R001A085_rgb.avi,S030C002P048R002A085_rgb.avi,29,30
pool_b_s029_to_s030,48,86,S029C001P048R001A086_rgb.avi,S030C002P048R002A086_rgb.avi,29,30
pool_b_s029_to_s030,48,87,S029C001P048R001A087_rgb.avi,S030C002P048R002A087_rgb.avi,29,30
pool_b_s029_to_s030,48,88,S029C001P048R001A088_rgb.avi,S030C002P048R002A088_rgb.avi,29,30
pool_b_s029_to_s030,48,89,S029C001P048R001A089_rgb.avi,S030C002P048R002A089_rgb.avi,29,30
pool_b_s029_to_s030,48,90,S029C001P048R001A090_rgb.avi,S030C002P048R002A090_rgb.avi,29,30
pool_b_s029_to_s030,48,91,S029C001P048R001A091_rgb.avi,S030C002P048R002A091_rgb.avi,29,30
pool_b_s029_to_s030,48,92,S029C001P048R001A092_rgb.avi,S030C002P048R002A092_rgb.avi,29,30
pool_b_s029_to_s030,48,93,S029C001P048R001A093_rgb.avi,S030C002P048R002A093_rgb.avi,29,30
pool_b_s029_to_s030,48,94,S029C001P048R001A094_rgb.avi,S030C002P048R002A094_rgb.avi,29,30
pool_b_s029_to_s030,48,95,S029C001P048R001A095_rgb.avi,S030C002P048R002A095_rgb.avi,29,30
pool_b_s029_to_s030,48,96,S029C001P048R001A096_rgb.avi,S030C002P048R002A096_rgb.avi,29,30
pool_b_s029_to_s030,48,97,S029C001P048R001A097_rgb.avi,S030C002P048R002A097_rgb.avi,29,30
pool_b_s029_to_s030,48,98,S029C001P048R001A098_rgb.avi,S030C002P048R002A098_rgb.avi,29,30
pool_b_s029_to_s030,48,99,S029C001P048R001A099_rgb.avi,S030C002P048R002A099_rgb.avi,29,30
pool_b_s029_to_s030,48,100,S029C001P048R001A100_rgb.avi,S030C002P048R002A100_rgb.avi,29,30
pool_b_s029_to_s030,48,101,S029C001P048R001A101_rgb.avi,S030C002P048R002A101_rgb.avi,29,30
pool_b_s029_to_s030,48,102,S029C001P048R001A102_rgb.avi,S030C002P048R002A102_rgb.avi,29,30
pool_b_s029_to_s030,48,103,S029C001P048R001A103_rgb.avi,S030C002P048R002A103_rgb.avi,29,30
pool_b_s029_to_s030,48,104,S029C001P048R001A104_rgb.avi,S030C002P048R002A104_rgb.avi,29,30
pool_b_s029_to_s030,48,105,S029C001P048R001A105_rgb.avi,S030C002P048R002A105_rgb.avi,29,30
pool_b_s029_to_s030,48,106,S029C001P048R001A106_rgb.avi,S030C002P048R002A106_rgb.avi,29,30
pool_b_s029_to_s030,48,107,S029C001P048R001A107_rgb.avi,S030C002P048R002A107_rgb.avi,29,30
pool_b_s029_to_s030,48,108,S029C001P048R001A108_rgb.avi,S030C002P048R002A108_rgb.avi,29,30
pool_b_s029_to_s030,48,109,S029C001P048R001A109_rgb.avi,S030C002P048R002A109_rgb.avi,29,30
pool_b_s029_to_s030,48,110,S029C001P048R001A110_rgb.avi,S030C002P048R002A110_rgb.avi,29,30
pool_b_s029_to_s030,48,111,S029C001P048R001A111_rgb.avi,S030C002P048R002A111_rgb.avi,29,30
pool_b_s029_to_s030,48,112,S029C001P048R001A112_rgb.avi,S030C002P048R002A112_rgb.avi,29,30
pool_b_s029_to_s030,48,113,S029C001P048R001A113_rgb.avi,S030C002P048R002A113_rgb.avi,29,30
pool_b_s029_to_s030,48,114,S029C001P048R001A114_rgb.avi,S030C002P048R002A114_rgb.avi,29,30
pool_b_s029_to_s030,48,115,S029C001P048R001A115_rgb.avi,S030C002P048R002A115_rgb.avi,29,30
pool_b_s029_to_s030,48,116,S029C001P048R001A116_rgb.avi,S030C002P048R002A116_rgb.avi,29,30
pool_b_s029_to_s030,48,117,S029C001P048R001A117_rgb.avi,S030C002P048R002A117_rgb.avi,29,30
pool_b_s029_to_s030,48,118,S029C001P048R001A118_rgb.avi,S030C002P048R002A118_rgb.avi,29,30
pool_b_s029_to_s030,48,119,S029C001P048R001A119_rgb.avi,S030C002P048R002A119_rgb.avi,29,30
pool_b_s029_to_s030,48,120,S029C001P048R001A120_rgb.avi,S030C002P048R002A120_rgb.avi,29,30
pool_b_s029_to_s030,67,61,S029C001P067R001A061_rgb.avi,S030C002P067R002A061_rgb.avi,29,30
pool_b_s029_to_s030,67,62,S029C001P067R001A062_rgb.avi,S030C002P067R002A062_rgb.avi,29,30
pool_b_s029_to_s030,67,63,S029C001P067R001A063_rgb.avi,S030C002P067R002A063_rgb.avi,29,30
pool_b_s029_to_s030,67,64,S029C001P067R001A064_rgb.avi,S030C002P067R002A064_rgb.avi,29,30
pool_b_s029_to_s030,67,65,S029C001P067R001A065_rgb.avi,S030C002P067R002A065_rgb.avi,29,30
pool_b_s029_to_s030,67,66,S029C001P067R001A066_rgb.avi,S030C002P067R002A066_rgb.avi,29,30
pool_b_s029_to_s030,67,67,S029C001P067R001A067_rgb.avi,S030C002P067R002A067_rgb.avi,29,30
pool_b_s029_to_s030,67,68,S029C001P067R001A068_rgb.avi,S030C002P067R002A068_rgb.avi,29,30
pool_b_s029_to_s030,67,69,S029C001P067R001A069_rgb.avi,S030C002P067R002A069_rgb.avi,29,30
pool_b_s029_to_s030,67,70,S029C001P067R001A070_rgb.avi,S030C002P067R002A070_rgb.avi,29,30
pool_b_s029_to_s030,67,71,S029C001P067R001A071_rgb.avi,S030C002P067R002A071_rgb.avi,29,30
pool_b_s029_to_s030,67,72,S029C001P067R001A072_rgb.avi,S030C002P067R002A072_rgb.avi,29,30
pool_b_s029_to_s030,67,73,S029C001P067R001A073_rgb.avi,S030C002P067R002A073_rgb.avi,29,30
pool_b_s029_to_s030,67,74,S029C001P067R001A074_rgb.avi,S030C002P067R002A074_rgb.avi,29,30
pool_b_s029_to_s030,67,75,S029C001P067R001A075_rgb.avi,S030C002P067R002A075_rgb.avi,29,30
pool_b_s029_to_s030,67,76,S029C001P067R001A076_rgb.avi,S030C002P067R002A076_rgb.avi,29,30
pool_b_s029_to_s030,67,77,S029C001P067R001A077_rgb.avi,S030C002P067R002A077_rgb.avi,29,30
pool_b_s029_to_s030,67,78,S029C001P067R001A078_rgb.avi,S030C002P067R002A078_rgb.avi,29,30
pool_b_s029_to_s030,67,79,S029C001P067R001A079_rgb.avi,S030C002P067R002A079_rgb.avi,29,30
pool_b_s029_to_s030,67,80,S029C001P067R001A080_rgb.avi,S030C002P067R002A080_rgb.avi,29,30
pool_b_s029_to_s030,67,81,S029C001P067R001A081_rgb.avi,S030C002P067R002A081_rgb.avi,29,30
pool_b_s029_to_s030,67,82,S029C001P067R001A082_rgb.avi,S030C002P067R002A082_rgb.avi,29,30
pool_b_s029_to_s030,67,83,S029C001P067R001A083_rgb.avi,S030C002P067R002A083_rgb.avi,29,30
pool_b_s029_to_s030,67,84,S029C001P067R001A084_rgb.avi,S030C002P067R002A084_rgb.avi,29,30
pool_b_s029_to_s030,67,85,S029C001P067R001A085_rgb.avi,S030C002P067R002A085_rgb.avi,29,30
pool_b_s029_to_s030,67,86,S029C001P067R001A086_rgb.avi,S030C002P067R002A086_rgb.avi,29,30
pool_b_s029_to_s030,67,87,S029C001P067R001A087_rgb.avi,S030C002P067R002A087_rgb.avi,29,30
pool_b_s029_to_s030,67,88,S029C001P067R001A088_rgb.avi,S030C002P067R002A088_rgb.avi,29,30
pool_b_s029_to_s030,67,89,S029C001P067R001A089_rgb.avi,S030C002P067R002A089_rgb.avi,29,30
pool_b_s029_to_s030,67,90,S029C001P067R001A090_rgb.avi,S030C002P067R002A090_rgb.avi,29,30
pool_b_s029_to_s030,67,91,S029C001P067R001A091_rgb.avi,S030C002P067R002A091_rgb.avi,29,30
pool_b_s029_to_s030,67,92,S029C001P067R001A092_rgb.avi,S030C002P067R002A092_rgb.avi,29,30
pool_b_s029_to_s030,67,93,S029C001P067R001A093_rgb.avi,S030C002P067R002A093_rgb.avi,29,30
pool_b_s029_to_s030,67,94,S029C001P067R001A094_rgb.avi,S030C002P067R002A094_rgb.avi,29,30
pool_b_s029_to_s030,67,95,S029C001P067R001A095_rgb.avi,S030C002P067R002A095_rgb.avi,29,30
pool_b_s029_to_s030,67,96,S029C001P067R001A096_rgb.avi,S030C002P067R002A096_rgb.avi,29,30
pool_b_s029_to_s030,67,97,S029C001P067R001A097_rgb.avi,S030C002P067R002A097_rgb.avi,29,30
pool_b_s029_to_s030,67,98,S029C001P067R001A098_rgb.avi,S030C002P067R002A098_rgb.avi,29,30
pool_b_s029_to_s030,67,99,S029C001P067R001A099_rgb.avi,S030C002P067R002A099_rgb.avi,29,30
pool_b_s029_to_s030,67,100,S029C001P067R001A100_rgb.avi,S030C002P067R002A100_rgb.avi,29,30
pool_b_s029_to_s030,67,101,S029C001P067R001A101_rgb.avi,S030C002P067R002A101_rgb.avi,29,30
pool_b_s029_to_s030,67,102,S029C001P067R001A102_rgb.avi,S030C002P067R002A102_rgb.avi,29,30
pool_b_s029_to_s030,67,103,S029C001P067R001A103_rgb.avi,S030C002P067R002A103_rgb.avi,29,30
pool_b_s029_to_s030,67,104,S029C001P067R001A104_rgb.avi,S030C002P067R002A104_rgb.avi,29,30
pool_b_s029_to_s030,67,105,S029C001P067R001A105_rgb.avi,S030C002P067R002A105_rgb.avi,29,30
pool_b_s029_to_s030,67,106,S029C001P067R001A106_rgb.avi,S030C002P067R002A106_rgb.avi,29,30
pool_b_s029_to_s030,67,107,S029C001P067R001A107_rgb.avi,S030C002P067R002A107_rgb.avi,29,30
pool_b_s029_to_s030,67,108,S029C001P067R001A108_rgb.avi,S030C002P067R002A108_rgb.avi,29,30
pool_b_s029_to_s030,67,109,S029C001P067R001A109_rgb.avi,S030C002P067R002A109_rgb.avi,29,30
pool_b_s029_to_s030,67,110,S029C001P067R001A110_rgb.avi,S030C002P067R002A110_rgb.avi,29,30
pool_b_s029_to_s030,67,111,S029C001P067R001A111_rgb.avi,S030C002P067R002A111_rgb.avi,29,30
pool_b_s029_to_s030,67,112,S029C001P067R001A112_rgb.avi,S030C002P067R002A112_rgb.avi,29,30
pool_b_s029_to_s030,67,113,S029C001P067R001A113_rgb.avi,S030C002P067R002A113_rgb.avi,29,30
pool_b_s029_to_s030,67,114,S029C001P067R001A114_rgb.avi,S030C002P067R002A114_rgb.avi,29,30
pool_b_s029_to_s030,67,115,S029C001P067R001A115_rgb.avi,S030C002P067R002A115_rgb.avi,29,30
pool_b_s029_to_s030,67,116,S029C001P067R001A116_rgb.avi,S030C002P067R002A116_rgb.avi,29,30
pool_b_s029_to_s030,67,117,S029C001P067R001A117_rgb.avi,S030C002P067R002A117_rgb.avi,29,30
pool_b_s029_to_s030,67,118,S029C001P067R001A118_rgb.avi,S030C002P067R002A118_rgb.avi,29,30
pool_b_s029_to_s030,67,119,S029C001P067R001A119_rgb.avi,S030C002P067R002A119_rgb.avi,29,30
pool_b_s029_to_s030,67,120,S029C001P067R001A120_rgb.avi,S030C002P067R002A120_rgb.avi,29,30
pool_b_s029_to_s030,75,61,S029C001P075R001A061_rgb.avi,S030C002P075R002A061_rgb.avi,29,30
pool_b_s029_to_s030,75,62,S029C001P075R001A062_rgb.avi,S030C002P075R002A062_rgb.avi,29,30
pool_b_s029_to_s030,75,63,S029C001P075R001A063_rgb.avi,S030C002P075R002A063_rgb.avi,29,30
pool_b_s029_to_s030,75,64,S029C001P075R001A064_rgb.avi,S030C002P075R002A064_rgb.avi,29,30
pool_b_s029_to_s030,75,65,S029C001P075R001A065_rgb.avi,S030C002P075R002A065_rgb.avi,29,30
pool_b_s029_to_s030,75,66,S029C001P075R001A066_rgb.avi,S030C002P075R002A066_rgb.avi,29,30
pool_b_s029_to_s030,75,67,S029C001P075R001A067_rgb.avi,S030C002P075R002A067_rgb.avi,29,30
pool_b_s029_to_s030,75,68,S029C001P075R001A068_rgb.avi,S030C002P075R002A068_rgb.avi,29,30
pool_b_s029_to_s030,75,69,S029C001P075R001A069_rgb.avi,S030C002P075R002A069_rgb.avi,29,30
pool_b_s029_to_s030,75,70,S029C001P075R001A070_rgb.avi,S030C002P075R002A070_rgb.avi,29,30
pool_b_s029_to_s030,75,71,S029C001P075R001A071_rgb.avi,S030C002P075R002A071_rgb.avi,29,30
pool_b_s029_to_s030,75,72,S029C001P075R001A072_rgb.avi,S030C002P075R002A072_rgb.avi,29,30
pool_b_s029_to_s030,75,73,S029C001P075R001A073_rgb.avi,S030C002P075R002A073_rgb.avi,29,30
pool_b_s029_to_s030,75,74,S029C001P075R001A074_rgb.avi,S030C002P075R002A074_rgb.avi,29,30
pool_b_s029_to_s030,75,75,S029C001P075R001A075_rgb.avi,S030C002P075R002A075_rgb.avi,29,30
pool_b_s029_to_s030,75,76,S029C001P075R001A076_rgb.avi,S030C002P075R002A076_rgb.avi,29,30
pool_b_s029_to_s030,75,77,S029C001P075R001A077_rgb.avi,S030C002P075R002A077_rgb.avi,29,30
pool_b_s029_to_s030,75,78,S029C001P075R001A078_rgb.avi,S030C002P075R002A078_rgb.avi,29,30
pool_b_s029_to_s030,75,79,S029C001P075R001A079_rgb.avi,S030C002P075R002A079_rgb.avi,29,30
pool_b_s029_to_s030,75,80,S029C001P075R001A080_rgb.avi,S030C002P075R002A080_rgb.avi,29,30
pool_b_s029_to_s030,75,81,S029C001P075R001A081_rgb.avi,S030C002P075R002A081_rgb.avi,29,30
pool_b_s029_to_s030,75,82,S029C001P075R001A082_rgb.avi,S030C002P075R002A082_rgb.avi,29,30
pool_b_s029_to_s030,75,83,S029C001P075R001A083_rgb.avi,S030C002P075R002A083_rgb.avi,29,30
pool_b_s029_to_s030,75,84,S029C001P075R001A084_rgb.avi,S030C002P075R002A084_rgb.avi,29,30
pool_b_s029_to_s030,75,85,S029C001P075R001A085_rgb.avi,S030C002P075R002A085_rgb.avi,29,30
pool_b_s029_to_s030,75,86,S029C001P075R001A086_rgb.avi,S030C002P075R002A086_rgb.avi,29,30
pool_b_s029_to_s030,75,87,S029C001P075R001A087_rgb.avi,S030C002P075R002A087_rgb.avi,29,30
pool_b_s029_to_s030,75,88,S029C001P075R001A088_rgb.avi,S030C002P075R002A088_rgb.avi,29,30
pool_b_s029_to_s030,75,89,S029C001P075R001A089_rgb.avi,S030C002P075R002A089_rgb.avi,29,30
pool_b_s029_to_s030,75,90,S029C001P075R001A090_rgb.avi,S030C002P075R002A090_rgb.avi,29,30
pool_b_s029_to_s030,75,91,S029C001P075R001A091_rgb.avi,S030C002P075R002A091_rgb.avi,29,30
pool_b_s029_to_s030,75,92,S029C001P075R001A092_rgb.avi,S030C002P075R002A092_rgb.avi,29,30
pool_b_s029_to_s030,75,93,S029C001P075R001A093_rgb.avi,S030C002P075R002A093_rgb.avi,29,30
pool_b_s029_to_s030,75,94,S029C001P075R001A094_rgb.avi,S030C002P075R002A094_rgb.avi,29,30
pool_b_s029_to_s030,75,95,S029C001P075R001A095_rgb.avi,S030C002P075R002A095_rgb.avi,29,30
pool_b_s029_to_s030,75,96,S029C001P075R001A096_rgb.avi,S030C002P075R002A096_rgb.avi,29,30
pool_b_s029_to_s030,75,97,S029C001P075R001A097_rgb.avi,S030C002P075R002A097_rgb.avi,29,30
pool_b_s029_to_s030,75,98,S029C001P075R001A098_rgb.avi,S030C002P075R002A098_rgb.avi,29,30
pool_b_s029_to_s030,75,99,S029C001P075R001A099_rgb.avi,S030C002P075R002A099_rgb.avi,29,30
pool_b_s029_to_s030,75,100,S029C001P075R001A100_rgb.avi,S030C002P075R002A100_rgb.avi,29,30
pool_b_s029_to_s030,75,101,S029C001P075R001A101_rgb.avi,S030C002P075R002A101_rgb.avi,29,30
pool_b_s029_to_s030,75,102,S029C001P075R001A102_rgb.avi,S030C002P075R002A102_rgb.avi,29,30
pool_b_s029_to_s030,75,103,S029C001P075R001A103_rgb.avi,S030C002P075R002A103_rgb.avi,29,30
pool_b_s029_to_s030,75,104,S029C001P075R001A104_rgb.avi,S030C002P075R002A104_rgb.avi,29,30
pool_b_s029_to_s030,75,105,S029C001P075R001A105_rgb.avi,S030C002P075R002A105_rgb.avi,29,30
pool_b_s029_to_s030,75,106,S029C001P075R001A106_rgb.avi,S030C002P075R002A106_rgb.avi,29,30
pool_b_s029_to_s030,75,107,S029C001P075R001A107_rgb.avi,S030C002P075R002A107_rgb.avi,29,30
pool_b_s029_to_s030,75,108,S029C001P075R001A108_rgb.avi,S030C002P075R002A108_rgb.avi,29,30
pool_b_s029_to_s030,75,109,S029C001P075R001A109_rgb.avi,S030C002P075R002A109_rgb.avi,29,30
pool_b_s029_to_s030,75,110,S029C001P075R001A110_rgb.avi,S030C002P075R002A110_rgb.avi,29,30
pool_b_s029_to_s030,75,111,S029C001P075R001A111_rgb.avi,S030C002P075R002A111_rgb.avi,29,30
pool_b_s029_to_s030,75,112,S029C001P075R001A112_rgb.avi,S030C002P075R002A112_rgb.avi,29,30
pool_b_s029_to_s030,75,113,S029C001P075R001A113_rgb.avi,S030C002P075R002A113_rgb.avi,29,30
pool_b_s029_to_s030,75,114,S029C001P075R001A114_rgb.avi,S030C002P075R002A114_rgb.avi,29,30
pool_b_s029_to_s030,75,115,S029C001P075R001A115_rgb.avi,S030C002P075R002A115_rgb.avi,29,30
pool_b_s029_to_s030,75,116,S029C001P075R001A116_rgb.avi,S030C002P075R002A116_rgb.avi,29,30
pool_b_s029_to_s030,75,117,S029C001P075R001A117_rgb.avi,S030C002P075R002A117_rgb.avi,29,30
pool_b_s029_to_s030,75,118,S029C001P075R001A118_rgb.avi,S030C002P075R002A118_rgb.avi,29,30
pool_b_s029_to_s030,75,119,S029C001P075R001A119_rgb.avi,S030C002P075R002A119_rgb.avi,29,30
pool_b_s029_to_s030,75,120,S029C001P075R001A120_rgb.avi,S030C002P075R002A120_rgb.avi,29,30
pool_b_s029_to_s030,88,61,S029C001P088R001A061_rgb.avi,S030C002P088R002A061_rgb.avi,29,30
pool_b_s029_to_s030,88,62,S029C001P088R001A062_rgb.avi,S030C002P088R002A062_rgb.avi,29,30
pool_b_s029_to_s030,88,63,S029C001P088R001A063_rgb.avi,S030C002P088R002A063_rgb.avi,29,30
pool_b_s029_to_s030,88,64,S029C001P088R001A064_rgb.avi,S030C002P088R002A064_rgb.avi,29,30
pool_b_s029_to_s030,88,65,S029C001P088R001A065_rgb.avi,S030C002P088R002A065_rgb.avi,29,30
pool_b_s029_to_s030,88,66,S029C001P088R001A066_rgb.avi,S030C002P088R002A066_rgb.avi,29,30
pool_b_s029_to_s030,88,67,S029C001P088R001A067_rgb.avi,S030C002P088R002A067_rgb.avi,29,30
pool_b_s029_to_s030,88,68,S029C001P088R001A068_rgb.avi,S030C002P088R002A068_rgb.avi,29,30
pool_b_s029_to_s030,88,69,S029C001P088R001A069_rgb.avi,S030C002P088R002A069_rgb.avi,29,30
pool_b_s029_to_s030,88,70,S029C001P088R001A070_rgb.avi,S030C002P088R002A070_rgb.avi,29,30
pool_b_s029_to_s030,88,71,S029C001P088R001A071_rgb.avi,S030C002P088R002A071_rgb.avi,29,30
pool_b_s029_to_s030,88,72,S029C001P088R001A072_rgb.avi,S030C002P088R002A072_rgb.avi,29,30
pool_b_s029_to_s030,88,73,S029C001P088R001A073_rgb.avi,S030C002P088R002A073_rgb.avi,29,30
pool_b_s029_to_s030,88,74,S029C001P088R001A074_rgb.avi,S030C002P088R002A074_rgb.avi,29,30
pool_b_s029_to_s030,88,75,S029C001P088R001A075_rgb.avi,S030C002P088R002A075_rgb.avi,29,30
pool_b_s029_to_s030,88,76,S029C001P088R001A076_rgb.avi,S030C002P088R002A076_rgb.avi,29,30
pool_b_s029_to_s030,88,77,S029C001P088R001A077_rgb.avi,S030C002P088R002A077_rgb.avi,29,30
pool_b_s029_to_s030,88,78,S029C001P088R001A078_rgb.avi,S030C002P088R002A078_rgb.avi,29,30
pool_b_s029_to_s030,88,79,S029C001P088R001A079_rgb.avi,S030C002P088R002A079_rgb.avi,29,30
pool_b_s029_to_s030,88,80,S029C001P088R001A080_rgb.avi,S030C002P088R002A080_rgb.avi,29,30
pool_b_s029_to_s030,88,81,S029C001P088R001A081_rgb.avi,S030C002P088R002A081_rgb.avi,29,30
pool_b_s029_to_s030,88,82,S029C001P088R001A082_rgb.avi,S030C002P088R002A082_rgb.avi,29,30
pool_b_s029_to_s030,88,83,S029C001P088R001A083_rgb.avi,S030C002P088R002A083_rgb.avi,29,30
pool_b_s029_to_s030,88,84,S029C001P088R001A084_rgb.avi,S030C002P088R002A084_rgb.avi,29,30
pool_b_s029_to_s030,88,85,S029C001P088R001A085_rgb.avi,S030C002P088R002A085_rgb.avi,29,30
pool_b_s029_to_s030,88,86,S029C001P088R001A086_rgb.avi,S030C002P088R002A086_rgb.avi,29,30
pool_b_s029_to_s030,88,87,S029C001P088R001A087_rgb.avi,S030C002P088R002A087_rgb.avi,29,30
pool_b_s029_to_s030,88,88,S029C001P088R001A088_rgb.avi,S030C002P088R002A088_rgb.avi,29,30
pool_b_s029_to_s030,88,89,S029C001P088R001A089_rgb.avi,S030C002P088R002A089_rgb.avi,29,30
pool_b_s029_to_s030,88,90,S029C001P088R001A090_rgb.avi,S030C002P088R002A090_rgb.avi,29,30
pool_b_s029_to_s030,88,91,S029C001P088R001A091_rgb.avi,S030C002P088R002A091_rgb.avi,29,30
pool_b_s029_to_s030,88,92,S029C001P088R001A092_rgb.avi,S030C002P088R002A092_rgb.avi,29,30
pool_b_s029_to_s030,88,93,S029C001P088R001A093_rgb.avi,S030C002P088R002A093_rgb.avi,29,30
pool_b_s029_to_s030,88,94,S029C001P088R001A094_rgb.avi,S030C002P088R002A094_rgb.avi,29,30
pool_b_s029_to_s030,88,95,S029C001P088R001A095_rgb.avi,S030C002P088R002A095_rgb.avi,29,30
pool_b_s029_to_s030,88,96,S029C001P088R001A096_rgb.avi,S030C002P088R002A096_rgb.avi,29,30
pool_b_s029_to_s030,88,97,S029C001P088R001A097_rgb.avi,S030C002P088R002A097_rgb.avi,29,30
pool_b_s029_to_s030,88,98,S029C001P088R001A098_rgb.avi,S030C002P088R002A098_rgb.avi,29,30
pool_b_s029_to_s030,88,99,S029C001P088R001A099_rgb.avi,S030C002P088R002A099_rgb.avi,29,30
pool_b_s029_to_s030,88,100,S029C001P088R001A100_rgb.avi,S030C002P088R002A100_rgb.avi,29,30
pool_b_s029_to_s030,88,101,S029C001P088R001A101_rgb.avi,S030C002P088R002A101_rgb.avi,29,30
pool_b_s029_to_s030,88,102,S029C001P088R001A102_rgb.avi,S030C002P088R002A102_rgb.avi,29,30
pool_b_s029_to_s030,88,103,S029C001P088R001A103_rgb.avi,S030C002P088R002A103_rgb.avi,29,30
pool_b_s029_to_s030,88,104,S029C001P088R001A104_rgb.avi,S030C002P088R002A104_rgb.avi,29,30
pool_b_s029_to_s030,88,105,S029C001P088R001A105_rgb.avi,S030C002P088R002A105_rgb.avi,29,30
pool_b_s029_to_s030,88,106,S029C001P088R001A106_rgb.avi,S030C002P088R002A106_rgb.avi,29,30
pool_b_s029_to_s030,88,107,S029C001P088R001A107_rgb.avi,S030C002P088R002A107_rgb.avi,29,30
pool_b_s029_to_s030,88,108,S029C001P088R001A108_rgb.avi,S030C002P088R002A108_rgb.avi,29,30
pool_b_s029_to_s030,88,109,S029C001P088R001A109_rgb.avi,S030C002P088R002A109_rgb.avi,29,30
pool_b_s029_to_s030,88,110,S029C001P088R001A110_rgb.avi,S030C002P088R002A110_rgb.avi,29,30
pool_b_s029_to_s030,88,111,S029C001P088R001A111_rgb.avi,S030C002P088R002A111_rgb.avi,29,30
pool_b_s029_to_s030,88,112,S029C001P088R001A112_rgb.avi,S030C002P088R002A112_rgb.avi,29,30
pool_b_s029_to_s030,88,113,S029C001P088R001A113_rgb.avi,S030C002P088R002A113_rgb.avi,29,30
pool_b_s029_to_s030,88,114,S029C001P088R001A114_rgb.avi,S030C002P088R002A114_rgb.avi,29,30
pool_b_s029_to_s030,88,115,S029C001P088R001A115_rgb.avi,S030C002P088R002A115_rgb.avi,29,30
pool_b_s029_to_s030,88,116,S029C001P088R001A116_rgb.avi,S030C002P088R002A116_rgb.avi,29,30
pool_b_s029_to_s030,88,117,S029C001P088R001A117_rgb.avi,S030C002P088R002A117_rgb.avi,29,30
pool_b_s029_to_s030,88,118,S029C001P088R001A118_rgb.avi,S030C002P088R002A118_rgb.avi,29,30
pool_b_s029_to_s030,88,119,S029C001P088R001A119_rgb.avi,S030C002P088R002A119_rgb.avi,29,30
pool_b_s029_to_s030,88,120,S029C001P088R001A120_rgb.avi,S030C002P088R002A120_rgb.avi,29,30
